# clef=synonyme, quand on lit 
Aronian, Levon=Aronian, Levon
Aronian, Levon=aronian l
Aronian, Levon=aronian, levon
bacrot etienne=bacrot e
Bacrot, Etienne=bacrot etiene
Bacrot, Etienne=bacrot etienne fra
Bacrot, Etienne=fra bacrot etienne
Bologan, Victor=bologan
Bologan, Victor=bologan v
Bologan, Victor=bologan victor
Bologan, Victor=bologan viktor mda
Bologan, Victor=bologan viktor mda
Bologan, Victor=bologan viktor viktor
Botvinnik, Mikhail=botvinnik
Botvinnik, Mikhail=botvinnik m
Botvinnik, Mikhail=botvinnik m isr
Botvinnik, Mikhail=botvinnik mikhail m
Botvinnik, Mikhail=botvinnik mikhailm
Botvinnik, Mikhail=botvinnik mikhailm m
capablanca jose raul=capablanca j
capablanca jose raul=capablanca j cub
capablanca jose raul=capablanca j r
capablanca jose raul=capablanca jose
capablanca jose raul=capablanca jose r
capablanca jose raul=capablanca jr/curring
capablanca jose raul=r capablanca j
Carlsen, Magnus=carlsen m
Fischer, Robert=fischer r usa
Fischer, Robert=fischer robert james
Fischer, Robert=Fischer, Robert
Gelfand, Boris=boris gelfand
Gelfand, Boris=gelfand
Gelfand, Boris=gelfand b urs
Gelfand, Boris=gelfand boris blr
Grischuk, Alexander=grischuk a
Grischuk, Alexander=grischuk alexander (
Grischuk, Alexander=grischuk alexander (rus
jobava baadur=jobava b
jobava baadur=jobava ba
kamsky gata=gata kamsky
kamsky gata=kamsky
kamsky gata=usa kamsky gata
karpov anatoly=anatoli karpov
karpov anatoly=karpov
karpov anatoly=karpov ana
karpov anatoly=karpov anatoli
karpov anatoly=karpov anatoly (rus
karpov anatoly=karpov anatoly e
kasparov garry=garry kasparov
kasparov garry=kasparov g
korchnoi viktor=korchnoi
korchnoi viktor=korchnoi v gm
korchnoi viktor=korchnoi victor
korchnoi viktor=korchnoi victor lyovich
korchnoi viktor=korchnoi viktor su
korchnoi viktor=korchnoi viktor sui
korchnoi viktor=victor korchnoi
Kramnik, Vladimir=Kramnik, Vladimir
Kramnik, Vladimir=kramnik
kramnik vladimir=kramnik v
Kramnik, Vladimir=kramnik vladimir (rus
Kramnik, Vladimir=kramnik vladimir rus
Kramnik, Vladimir=rus kramnik vladimir
Kramnik, Vladimir=vladimir kramnik
morozevich alexander=morozevich
morozevich alexander=morozevich a
morozevich alexander=morozevich alex
morozevich alexander=morozevich alexander (ru
morozevich alexander=morozevich alexander (rus
morozevich alexander=morozevich alexandr
morozevich alexander=morozevich alexandr rus
nakamura hikaru=Nakamura, Hikaru
nakamura hikaru=hikaru nakamura 
nakamura hikaru=nakamura
nakamura hikaru=nakamura hikaru usa
pelletier yannick=pelletier y
pelletier yannick=pelletier yannick (sui
pelletier yannick=pelletier yannick sui
piket jeroen=piket j
piket jeroen=piket je
piket jeroen=piket jer
shirov alexei=alexei shirov
shirov alexei=alexey shirov
shirov alexei=lat shirov alexei
shirov alexei=shirov a urs
shirov alexei=shirov aleksei
shirov alexei=shirov alexei (esp
shirov alexei=shirov alexei esp
shirov alexei=shirov alexei lat
shirov alexei=shirov alexey
svidler peter=svidler
svidler peter=svidler p
svidler peter=svidler peter rus
timman jan=ian timman
timman jan=jan timman
timman jan=timman
timman jan=timman j
timman jan=timman j h
timman jan=timman jan h
timman jan=timman jan h (ne
timman jan=timman jan h ned
timman jan=timman jan hein
timman jan=timman jh
tiviakov sergei=sergei tiviakov
tiviakov sergei=tiviakov
tiviakov sergei=tiviakov s
tiviakov sergei=tiviakov sergey
topalov veselin=im topalov vesselin
topalov veselin=topalov v
topalov veselin=topalov veselin bu
topalov veselin=topalov veselin bul
topalov veselin=topalov vesselin
topalov veselin=topalov, veselin
topalov veselin=veselin topalov
vachier-lagrave maxime=team rex/vachier-lagrave m
vachier-lagrave maxime=vachier lagrave m
van wely loek=van wely l
van wely loek=van wely loek ned
Xu, Yinglun=Xu, Yinglun
Robson, Ray=Robson, Ray
Jobava, Baadur=Jobava, Baadur
Hertneck, Gerald=Hertneck, Gerald
Deepan Chakkravarthy J.=Deepan Chakkravarthy J.
Tan, Zhongyi=Tan, Zhongyi
Jaracz, Pawel=Jaracz, Pawel
Stean, Michael F=Stean, Michael F
Anand, Viswanathan=Anand, Viswanathan
Anand, Viswanathan=anand
Anand, Viswanathan=anand v
Anand, Viswanathan=anand viswanathan (ind
Anand, Viswanathan=anand viswanathan ind
Anand, Viswanathan=ind anand viswanathan
Warakomski, Tomasz=Warakomski, Tomasz
Golubev, Mikhail=Golubev, Mikhail
Mamedov, Nidjat=Mamedov, Nidjat
Moussard, Jules=Moussard, J
Moussard, Jules=Moussard, J
Liang, Chong=Liang, Chong
Hellsten, Johan=Hellsten, Johan
Piket, Jeroen=Piket, Jeroen
Aravindh,Chithambaram VR.=Aravindh,Chithambaram VR.
Martinez Duany, Lelys Stanley=Martinez Duany, Lelys Stanley
Villamayor, Buenaventura=Villamayor, Buenaventura
Zablotsky, Sergei=Zablotsky, Sergei
Prohaszka, Peter=Prohaszka, Peter
Dominguez Perez, Leinier=Dominguez Perez, Leinier
Zifroni, Dov=Zifroni, Dov
Hickl, Joerg=Hickl, Joerg
Shimanov, Aleksandr=Shimanov, Aleksandr
Kurajica, Bojan=Kurajica, Bojan
Teterev, Vitaly=Teterev, Vitaly
Alsina Leal, Daniel=Alsina Leal, Daniel
Qashashvili, Alexandre=Qashashvili, Alexandre
McShane, Luke J=McShane, Luke J
Cheparinov, Ivan=Cheparinov, Ivan
Pakleza, Zbigniew=Pakleza, Zbigniew
Kovalyov, Anton=Kovalyov, Anton
Ni, Hua=Ni, Hua
David, Alberto=David, Alberto
Kapnisis, Spyridon=Kapnisis, Spyridon
Lputian, Smbat G=Lputian, Smbat G
Zakhartsov, Viacheslav V.=Zakhartsov, Viacheslav V.
Alonso, Salvador=Alonso, Salvador
Dlugy, Maxim=Dlugy, Maxim
Grandelius, Nils=Grandelius, Nils
Liang, Jinrong=Liang, Jinrong
Gdanski, Jacek=Gdanski, Jacek
Lu, Shanglei=Lu, Shanglei
Horvath, Csaba=Horvath, Csaba
Gonzalez Zamora, Juan Carlos=Gonzalez Zamora, Juan Carlos
Belozerov, Andrei=Belozerov, Andrei
Haznedaroglu, Kivanc=Haznedaroglu, Kivanc
Fridman, Daniel=Fridman, Daniel
Krasenkow, Michal=Krasenkow, Michal
Finegold, Benjamin=Finegold, Benjamin
Ye, Jiangchuan=Ye, Jiangchuan
Kulaots, Kaido=Kulaots, Kaido
Georgiev, Vladimir=Georgiev, Vladimir
Cuartas, Jaime Alexander=Cuartas, Jaime Alexander
Predojevic, Borki=Predojevic, Borki
Gretarsson, Hjorvar Steinn=Gretarsson, Hjorvar Steinn
Bacrot, Etienne=Bacrot, Etienne
Romanenko, Vladimir=Romanenko, Vladimir
Flores, Diego=Flores, Diego
Cyborowski, Lukasz=Cyborowski, Lukasz
Gunina, Valentina=Gunina, Valentina
Panchanathan, Magesh Chandran=Panchanathan, Magesh Chandran
Becerra Rivero, Julio=Becerra Rivero, Julio
Reinderman, Dimitri=Reinderman, Dimitri
Papp, Gabor=Papp, Gabor
Grigoryan, Avetik=Grigoryan, Avetik
Galkin, Alexander=Galkin, Alexander
Smagin, Sergey=Smagin, Sergey
Rivas Pastor, Manuel=Rivas Pastor, Manuel
Sengupta, Deep=Sengupta, Deep
Pichot, Alan=Pichot, Alan
Turner, Matthew J=Turner, Matthew J
Gustafsson, Jan=Gustafsson, Jan
Babujian, Levon=Babujian, Levon
Mohr, Georg=Mohr, Georg
Sedlak, Nikola=Sedlak, Nikola
Friedel, Joshua E=Friedel, Joshua E
Gagare, Shardul=Gagare, Shardul
Klimov, Sergey=Klimov, Sergey
Aagaard, Jacob=Aagaard, Jacob
Mueller, Karsten, Dr.=Mueller, Karsten, Dr.
Huebner, Robert=Huebner, Robert
Nikolov, Momchil=Nikolov, Momchil
Pinter, Jozsef=Pinter, Jozsef
Johannessen, Leif Erlend=Johannessen, Leif Erlend
Berelowitsch, Alexander=Berelowitsch, Alexander
Zherebukh, Yaroslav=Zherebukh, Yaroslav
Zhang, Zhong=Zhang, Zhong
Miton, Kamil=Miton, Kamil
Bocharov, Dmitry=Bocharov, Dmitry
Landa, Konstantin=Landa, Konstantin
Horvath, Jozsef=Horvath, Jozsef
Rombaldoni, Axel=Rombaldoni, Axel
Keitlinghaus, Ludger=Keitlinghaus, Ludger
Yilmaz, Mustafa=Yilmaz, Mustafa
Kanep, Meelis=Kanep, Meelis
Yu, Shaoteng=Yu, Shaoteng
Martinovic, Sasa=Martinovic, Sasa
Babula, Vlastimil=Babula, Vlastimil
Ankit, R. Rajpara=Ankit, R. Rajpara
Gabriel, Christian=Gabriel, Christian
Salem, A.R. Saleh=Salem, A.R. Saleh
Lazic, Miroljub=Lazic, Miroljub
Khismatullin, Denis=Khismatullin, Denis
Brunner, Lucas=Brunner, Lucas
Timoscenko, Gennadij=Timoscenko, Gennadij
Sokolov, Ivan=Sokolov, Ivan
Gupta, Abhijeet=Gupta, Abhijeet
Lesiege, Alexandre=Lesiege, Alexandre
Dzindzichashvili, Roman=Dzindzichashvili, Roman
Bartel, Mateusz=Bartel, Mateusz
Kotronias, Vasilios=Kotronias, Vasilios
Smeets, Jan=Smeets, Jan
Kharchenko, Boris=Kharchenko, Boris
Shyam, Sundar M.=Shyam, Sundar M.
Ye, Rongguang=Ye, Rongguang
Dourerassou, Jonathan=Dourerassou, Jonathan
Maletin, Pavel=Maletin, Pavel
Kaidanov, Gregory S=Kaidanov, Gregory S
Ivanov, Alexander=Ivanov, Alexander
Ruban, Vadim=Ruban, Vadim
Belov, Vladimir=Belov, Vladimir
Ter-Sahakyan, Samvel=Ter-Sahakyan, Samvel
Lopez Martinez, Josep Manuel=Lopez Martinez, Josep Manuel
Magerramov, Elmar=Magerramov, Elmar
Dokhoian, Yury=Dokhoian, Yury
Buhmann, Rainer=Buhmann, Rainer
Rogoff, Kenneth S=Rogoff, Kenneth S
Spassky, Boris V.=Spassky, Boris V.
Spassky, Boris V.=Spassky,Boris
Spassky, Boris V.=Spassky, B V
Zubov, Alexander=Zubov, Alexander
Horvath, Adam=Horvath, Adam
Zhou, Weiqi=Zhou, Weiqi
Pavlov, Maxim=Pavlov, Maxim
Serper, Grigory=Serper, Grigory
Kishnev, Sergey=Kishnev, Sergey
Sanchez, Joseph=Sanchez, Joseph
Zvjaginsev, Vadim=Zvjaginsev, Vadim
Georgiev, Kiril=Georgiev, Kiril
Barrientos, Sergio E=Barrientos, Sergio E
Agaragimov, Djakhangir=Agaragimov, Djakhangir
Andreikin, Dmitry=Andreikin, Dmitry
Davies, Nigel R=Davies, Nigel R
Zaichik, Gennadi=Zaichik, Gennadi
Damljanovic, Branko=Damljanovic, Branko
Stevic, Hrvoje=Stevic, Hrvoje
Wang, Yue=Wang, Yue
Hovhannisyan, Robert=Hovhannisyan, Robert
Braun, Arik=Braun, Arik
El Gindy, Essam=El Gindy, Essam
Rychagov, Mikhail=Rychagov, Mikhail
Novik, Maxim=Novik, Maxim
Erenburg, Sergey=Erenburg, Sergey
Hayrapetyan, Hovik=Hayrapetyan, Hovik
Swapnil, S. Dhopade=Swapnil, S. Dhopade
Onischuk, Vladimir=Onischuk, Vladimir
Mirzoev, Azer=Mirzoev, Azer
Ubilava, Elizbar=Ubilava, Elizbar
Salomon, Johan=Salomon, Johan
Kraai, Jesse=Kraai, Jesse
Berczes, David=Berczes, David
Skoberne, Jure=Skoberne, Jure
Kazakov, Mikhail=Kazakov, Mikhail
Fercec, Nenad=Fercec, Nenad
Pridorozhni, Aleksei=Pridorozhni, Aleksei
Dgebuadze, Alexandre=Dgebuadze, Alexandre
Burmakin, Vladimir=Burmakin, Vladimir
Kunte, Abhijit=Kunte, Abhijit
Bluebaum, Matthias=Bluebaum, Matthias
Hector, Jonny=Hector, Jonny
Makarov, Marat=Makarov, Marat
Greenfeld, Alon=Greenfeld, Alon
Artemiev, Vladislav=Artemiev, Vladislav
Dragun, Kamil=Dragun, Kamil
Hansen, Curt=Hansen, Curt
Sasikiran, Krishnan=Sasikiran, Krishnan
Riff, Jean-Noel=Riff, Jean-Noel
Danielsen, Henrik=Danielsen, Henrik
Gazarian, Aram=Gazarian, Aram
Charnushevich, Aliaksei=Charnushevich, Aliaksei
Jovanic, Ognjen=Jovanic, Ognjen
Ortega, Lexy=Ortega, Lexy
Sevillano, Enrico=Sevillano, Enrico
Timoshenko, Georgy=Timoshenko, Georgy
Kanarek, Marcel=Kanarek, Marcel
Cvitan, Ognjen=Cvitan, Ognjen
Pfleger, Helmut, Dr.=Pfleger, Helmut, Dr.
Azarov, Sergei=Azarov, Sergei
Kislinsky, Alexey=Kislinsky, Alexey
Evdokimov, Alexander A.=Evdokimov, Alexander A.
Vazquez Igarza, Renier=Vazquez Igarza, Renier
Meier, Georg=Meier, Georg
Shankland, Samuel L=Shankland, Samuel L
Rychagov, Andrey=Rychagov, Andrey
Sanal, Vahap=Sanal, Vahap
Fressinet, Laurent=Fressinet, Laurent
Socko, Monika=Socko, Monika
Antunes, Antonio=Antunes, Antonio
Bologan, Victor=Bologan, Victor
Bischoff, Klaus=Bischoff, Klaus
Bhat, Vinay S.=Bhat, Vinay S.
Le, Quang Liem=Le, Quang Liem
Kozul, Zdenko=Kozul, Zdenko
Ninov, Nikolai=Ninov, Nikolai
Rambaldi, Francesco=Rambaldi, Francesco
Gyimesi, Zoltan=Gyimesi, Zoltan
Tahirov, Farhad=Tahirov, Farhad
Aghamaliyev, Cemil=Aghamaliyev, Cemil
Kiselev, Vitaliy=Kiselev, Vitaliy
Pavasovic, Dusko=Pavasovic, Dusko
Sturua, Zurab=Sturua, Zurab
Ribli, Zoltan=Ribli, Zoltan
Danin, Alexandre=Danin, Alexandre
Simantsev, Mikhail=Simantsev, Mikhail
Jurcik, Marian=Jurcik, Marian
Berkes, Ferenc=Berkes, Ferenc
Hodgson, Julian M=Hodgson, Julian M
Svetushkin, Dmitry=Svetushkin, Dmitry
Rogers, Ian=Rogers, Ian
Aleksandrov, Aleksej=Aleksandrov, Aleksej
Ponkratov, Pavel=Ponkratov, Pavel
Mihok, Oliver=Mihok, Oliver
Gundavaa, Bayarsaikhan=Gundavaa, Bayarsaikhan
Munoz, Miguel=Munoz, Miguel
Solleveld, Maarten=Solleveld, Maarten
Mamedyarov, Shakhriyar=Mamedyarov, Shakhriyar
Har-Zvi, Ronen=Har-Zvi, Ronen
Edouard, Romain=Edouard, Romain
Askarov, Marat=Askarov, Marat
Nguyen, Duc Hoa=Nguyen, Duc Hoa
Tadic, Branko=Tadic, Branko
Ftacnik, Lubomir=Ftacnik, Lubomir
Kunin, Vitaly=Kunin, Vitaly
Ju, Wenjun=Ju, Wenjun
Lagno, Kateryna=Lagno, Kateryna
Ghosh, Diptayan=Ghosh, Diptayan
Hevia Alejano, Carlos Antonio=Hevia Alejano, Carlos Antonio
Olafsson, Helgi=Olafsson, Helgi
Zlochevskij, Alexander=Zlochevskij, Alexander
Hamdouchi, Hicham=Hamdouchi, Hicham
Antipov, Mikhail Al.=Antipov, Mikhail Al.
Stupak, Kirill=Stupak, Kirill
Cramling, Pia=Cramling, Pia
Marin, Mihail=Marin, Mihail
Eljanov, Pavel=Eljanov, Pavel
Gareyev, Timur=Gareyev, Timur
Vachier-Lagrave, Maxime=Vachier-Lagrave, Maxime
Loginov, Valery A=Loginov, Valery A
Schlosser, Philipp=Schlosser, Philipp
Zhou, Jianchao=Zhou, Jianchao
Nestorovic, Nikola=Nestorovic, Nikola
Ortiz Suarez, Isan Reynaldo=Ortiz Suarez, Isan Reynaldo
Kovalenko, Igor=Kovalenko, Igor
Neverov, Valeriy=Neverov, Valeriy
Vetoshko, Volodymyr=Vetoshko, Volodymyr
Ly, Moulthun=Ly, Moulthun
Arun Prasad, S.=Arun Prasad, S.
Krogius, Nikolai V=Krogius, Nikolai V
Andersen, Mads=Andersen, Mads
Kryvoruchko, Yuriy=Kryvoruchko, Yuriy
Shoker, Samy=Shoker, Samy
Kudrin, Sergey=Kudrin, Sergey
Volokitin, Andrei=Volokitin, Andrei
Oleksiyenko, Mykhaylo=Oleksiyenko, Mykhaylo
Fishbein, Alexander=Fishbein, Alexander
Illingworth, Max=Illingworth, Max
Appel, Ralf=Appel, Ralf
Michalik, Peter=Michalik, Peter
Jumabayev, Rinat=Jumabayev, Rinat
Hausrath, Daniel=Hausrath, Daniel
Miljkovic, Miroslav D=Miljkovic, Miroslav D
Tratar, Marko=Tratar, Marko
Badea, Bela=Badea, Bela
Gavrilov, Alexei=Gavrilov, Alexei
Gordievsky, Dmitry=Gordievsky, Dmitry
Malakhov, Vladimir=Malakhov, Vladimir
Rechlis, Gad=Rechlis, Gad
Gonzalez Garcia, Jose=Gonzalez Garcia, Jose
Jakubiec, Artur=Jakubiec, Artur
Lajthajm, Borko=Lajthajm, Borko
Baburin, Alexander=Baburin, Alexander
Himanshu, Sharma=Himanshu, Sharma
Libiszewski, Fabien=Libiszewski, Fabien
Baklan, Vladimir=Baklan, Vladimir
Gordon, Stephen J=Gordon, Stephen J
Istratescu, Andrei=Istratescu, Andrei
Todorov, Todor=Todorov, Todor
Rogozenco, Dorian=Rogozenco, Dorian
Polgar, Judit=Polgar, Judit
Agrest, Evgenij=Agrest, Evgenij
Kengis, Edvins=Kengis, Edvins
Cicak, Slavko=Cicak, Slavko
Wan, Yunguo=Wan, Yunguo
Andriasian, Zaven=Andriasian, Zaven
Manolache, Marius=Manolache, Marius
Perez Candelario, Manuel=Perez Candelario, Manuel
Dzhumaev, Marat=Dzhumaev, Marat
Gelashvili, Tamaz=Gelashvili, Tamaz
Vila Gazquez, Xavier=Vila Gazquez, Xavier
Amonatov, Farrukh=Amonatov, Farrukh
Borovikov, Vladislav=Borovikov, Vladislav
Van Kampen, Robin=Van Kampen, Robin
Sadler, Matthew D=Sadler, Matthew D
Krejci, Jan=Krejci, Jan
Guseinov, Gadir=Guseinov, Gadir
Milov, Vadim=Milov, Vadim
Petkov, Vladimir=Petkov, Vladimir
Aroshidze, Levan=Aroshidze, Levan
Berg, Emanuel=Berg, Emanuel
Pantsulaia, Levan=Pantsulaia, Levan
Ding, Liren=Ding, Liren
Margvelashvili, Giorgi=Margvelashvili, Giorgi
Nevednichy, Vladislav=Nevednichy, Vladislav
Popov, Valerij=Popov, Valerij
Kamsky, Gata=Kamsky, Gata
Markos, Jan=Markos, Jan
Giorgadze, Tamaz=Giorgadze, Tamaz
Lenderman, Aleksandr=Lenderman, Aleksandr
Kosintseva, Nadezhda=Kosintseva, Nadezhda
Arizmendi Martinez, Julen Luis=Arizmendi Martinez, Julen Luis
Muzychuk, Mariya=Muzychuk, Mariya
Riazantsev, Alexander=Riazantsev, Alexander
Vuckovic, Bojan=Vuckovic, Bojan
Abasov, Nijat=Abasov, Nijat
Semcesen, Daniel=Semcesen, Daniel
Dao, Thien Hai=Dao, Thien Hai
Maslak, Konstantin=Maslak, Konstantin
Belous, Vladimir=Belous, Vladimir
Novikov, Stanislav=Novikov, Stanislav
Vitiugov, Nikita=Vitiugov, Nikita
Mogranzini, Roberto=Mogranzini, Roberto
Pikula, Dejan=Pikula, Dejan
Saric, Ibro=Saric, Ibro
Papin, Vasily=Papin, Vasily
Rowson, Jonathan=Rowson, Jonathan
Bogner, Sebastian=Bogner, Sebastian
Sikula, Vaszilij=Sikula, Vaszilij
Ibarra Jerez, Jose Carlos=Ibarra Jerez, Jose Carlos
Hammer, Jon Ludvig=Hammer, Jon Ludvig
Rodriguez Vila, Andres=Rodriguez Vila, Andres
Sevian, Samuel=Sevian, Samuel
Murariu, Andrei=Murariu, Andrei
Ibragimov, Alibek=Ibragimov, Alibek
Bulski, Krzysztof=Bulski, Krzysztof
Shchekachev, Andrei=Shchekachev, Andrei
Illescas Cordoba, Miguel=Illescas Cordoba, Miguel
Kharitonov, Alexandr=Kharitonov, Alexandr
Fedoseev, Vladimir=Fedoseev, Vladimir
Dreev, Aleksey=Dreev, Aleksey
Berdichevski, Igor=Berdichevski, Igor
Tari, Aryan=Tari, Aryan
Handke, Florian, Dr.=Handke, Florian, Dr.
Maze, Sebastien=Maze, Sebastien
Kokarev, Dmitry=Kokarev, Dmitry
Gurevich, Dmitry=Gurevich, Dmitry
Timofeev, Artyom=Timofeev, Artyom
Leon Hoyos, Manuel=Leon Hoyos, Manuel
Najer, Evgeniy=Najer, Evgeniy
Rapport, Richard=Rapport, Richard
Kempinski, Robert=Kempinski, Robert
Hellers, Ferdinand=Hellers, Ferdinand
Bogdanovich, Stanislav=Bogdanovich, Stanislav
Nikolaidis, Ioannis=Nikolaidis, Ioannis
Hansen, Eric=Hansen, Eric
Sulypa, Oleksandr=Sulypa, Oleksandr
Anagnostopoulos, Dimitri=Anagnostopoulos, Dimitri
Shomoev, Anton=Shomoev, Anton
Conquest, Stuart C=Conquest, Stuart C
Cordova, Emilio=Cordova, Emilio
Spoelman, Wouter=Spoelman, Wouter
Chekhov, Valery A=Chekhov, Valery A
Studer, Noel=Studer, Noel
Orlov, Andrey=Orlov, Andrey
Savchenko, Boris=Savchenko, Boris
Kabanov, Nikolai=Kabanov, Nikolai
Keene, Raymond D=Keene, Raymond D
Sandipan, Chanda=Sandipan, Chanda
Mikhalchishin, Adrian=Mikhalchishin, Adrian
Dautov, Rustem=Dautov, Rustem
Li, Ruifeng=Li, Ruifeng
Gormally, Daniel W=Gormally, Daniel W
Schmaltz, Roland=Schmaltz, Roland
Ehlvest, Jaan=Ehlvest, Jaan
Vescovi, Giovanni=Vescovi, Giovanni
Baron, Tal=Baron, Tal
Hernandez Guerrero, Gilberto=Hernandez Guerrero, Gilberto
Topalov, Veselin=Topalov, Veselin
Jianu, Vlad-Cristian=Jianu, Vlad-Cristian
Karpatchev, Aleksandr=Karpatchev, Aleksandr
Gajewski, Grzegorz=Gajewski, Grzegorz
Khachiyan, Melikset=Khachiyan, Melikset
Shaked, Tal=Shaked, Tal
Demchenko, Anton=Demchenko, Anton
Peng, Xiaomin=Peng, Xiaomin
Laznicka, Viktor=Laznicka, Viktor
Fedorchuk, Sergey A.=Fedorchuk, Sergey A.
Filippov, Valerij=Filippov, Valerij
Kryakvin, Dmitry=Kryakvin, Dmitry
Teske, Henrik=Teske, Henrik
Henriquez Villagra, Cristobal=Henriquez Villagra, Cristobal
Soffer, Ram=Soffer, Ram
Iljushin, Alexei=Iljushin, Alexei
Speelman, Jon S=Speelman, Jon S
Kindermann, Stefan=Kindermann, Stefan
Hansen, Sune Berg=Hansen, Sune Berg
Blehm, Pawel=Blehm, Pawel
Mista, Aleksander=Mista, Aleksander
Gorovykh, Eduard=Gorovykh, Eduard
Novikov, Maxim=Novikov, Maxim
Kiriakov, Petr=Kiriakov, Petr
Iotov, Valentin=Iotov, Valentin
Arzumanian, Georgy=Arzumanian, Georgy
Caruana, Fabiano=Caruana, Fabiano
Mastrovasilis, Dimitrios=Mastrovasilis, Dimitrios
Vovk, Andriy=Vovk, Andriy
Smerdon, David C=Smerdon, David C
Najdoski, Toni=Najdoski, Toni
Finkel, Alexander=Finkel, Alexander
Apicella, Manuel=Apicella, Manuel
Flores Rios, Mauricio=Flores Rios, Mauricio
Darga, Klaus=Darga, Klaus
Nguyen, Anh Dung=Nguyen, Anh Dung
Dorfman, Iossif=Dorfman, Iossif
Bareev, Evgeny=Bareev, Evgeny
Gulko, Boris F=Gulko, Boris F
Gulko, Boris F=Gulko, Boris F (USA)
Hungaski, Robert Andrew=Hungaski, Robert Andrew
Glud, Jakob Vang=Glud, Jakob Vang
Roiz, Michael=Roiz, Michael
Firman, Nazar=Firman, Nazar
Drenchev, Petar=Drenchev, Petar
Kuczynski, Robert=Kuczynski, Robert
Salgado Lopez, Ivan=Salgado Lopez, Ivan
Nguyen, Ngoc Truong Son=Nguyen, Ngoc Truong Son
Kim, Alexey=Kim, Alexey
Narciso Dublan, Marc=Narciso Dublan, Marc
Quesada Perez, Yuniesky=Quesada Perez, Yuniesky
Halkias, Stelios=Halkias, Stelios
Grivas, Efstratios=Grivas, Efstratios
Chabanon, Jean-Luc=Chabanon, Jean-Luc
Rozum, Ivan=Rozum, Ivan
Bezold, Michael=Bezold, Michael
Van der Sterren, Paul=Van der Sterren, Paul
Gonzalez Acosta, Bernal=Gonzalez Acosta, Bernal
Sulava, Nenad=Sulava, Nenad
Khairullin, Ildar=Khairullin, Ildar
Poluljahov, Aleksandr=Poluljahov, Aleksandr
Troff, Kayden W=Troff, Kayden W
Maiorov, Nikita=Maiorov, Nikita
Sambuev, Bator=Sambuev, Bator
Lagarde, Maxime=Lagarde, Maxime
Cubas, Jose Fernando=Cubas, Jose Fernando
Haslinger, Stewart G=Haslinger, Stewart G
Neiksans, Arturs=Neiksans, Arturs
Perez Ponsa, Federico=Perez Ponsa, Federico
Potkin, Vladimir=Potkin, Vladimir
Gozzoli, Yannick=Gozzoli, Yannick
Wilder, Michael=Wilder, Michael
Shanava, Konstantine=Shanava, Konstantine
Adams, Michael=Adams, Michael
Kovchan, Alexander=Kovchan, Alexander
Delchev, Aleksander=Delchev, Aleksander
Nisipeanu, Liviu-Dieter=Nisipeanu, Liviu-Dieter
Akbaev, Kazbek=Akbaev, Kazbek
Aveskulov, Valeriy=Aveskulov, Valeriy
Xu, Jun=Xu, Jun
Koneru, Humpy=Koneru, Humpy
Atalik, Suat=Atalik, Suat
Sebenik, Matej=Sebenik, Matej
Gelfand, Boris=Gelfand, Boris
Ljubojevic, Ljubomir=Ljubojevic, Ljubomir
Beim, Valeri=Beim, Valeri
Lopushnoy, Denis=Lopushnoy, Denis
Pigusov, Evgeny=Pigusov, Evgeny
Valerga, Diego=Valerga, Diego
Nepomniachtchi, Ian=Nepomniachtchi, Ian
Seirawan, Yasser=Seirawan, Yasser
Onischuk, Alexander=Onischuk, Alexander
Hernandez Carmenate, Holden=Hernandez Carmenate, Holden
Psakhis, Lev=Psakhis, Lev
Stella, Andrea=Stella, Andrea
Adorjan, Andras=Adorjan, Andras
Charbonneau, Pascal=Charbonneau, Pascal
Irzhanov, Ruslan=Irzhanov, Ruslan
Torre, Eugenio=Torre, Eugenio
Doettling, Fabian=Doettling, Fabian
Macieja, Bartlomiej=Macieja, Bartlomiej
Tukmakov, Vladimir B=Tukmakov, Vladimir B
Papaioannou, Ioannis=Papaioannou, Ioannis
Rashkovsky, Nukhim N=Rashkovsky, Nukhim N
Tregubov, Pavel V.=Tregubov, Pavel V.
Hansen, Lars Bo=Hansen, Lars Bo
Kasparov, Garry=Kasparov, Garry
Cori, Jorge=Cori, Jorge
Blagojevic, Dragisa=Blagojevic, Dragisa
Chandler, Murray G=Chandler, Murray G
San Segundo Carrillo, Pablo=San Segundo Carrillo, Pablo
Grover, Sahaj=Grover, Sahaj
Rublevsky, Sergei=Rublevsky, Sergei
Kreiman, Boris=Kreiman, Boris
Plaskett, H James=Plaskett, H James
Kuzubov, Yuriy=Kuzubov, Yuriy
Drozdovskij, Yuri=Drozdovskij, Yuri
Chuchelov, Vladimir=Chuchelov, Vladimir
Inarkiev, Ernesto=Inarkiev, Ernesto
Ipatov, Alexander=Ipatov, Alexander
Kantans, Toms=Kantans, Toms
Ulybin, Mikhail=Ulybin, Mikhail
Chernin, Alexander=Chernin, Alexander
Gasanov, Eldar=Gasanov, Eldar
Shulman, Yury=Shulman, Yury
Narayanan, Srinath=Narayanan, Srinath
Shipov, Sergei=Shipov, Sergei
Dizdar, Goran=Dizdar, Goran
Nanu, Costica-Ciprian=Nanu, Costica-Ciprian
Kouatly, Bachar=Kouatly, Bachar
Baramidze, David=Baramidze, David
Pavlidis, Antonios=Pavlidis, Antonios
Kannappan Priyadharshan=Kannappan Priyadharshan
Szabo, Gergely-Andras-Gyula=Szabo, Gergely-Andras-Gyula
Palac, Mladen=Palac, Mladen
Nedev, Trajko=Nedev, Trajko
Solozhenkin, Evgeniy=Solozhenkin, Evgeniy
So, Wesley=So, Wesley
Mestel, A Jonathan=Mestel, A Jonathan
Feller, Sebastien=Feller, Sebastien
Fontaine, Robert=Fontaine, Robert
Magem Badals, Jordi=Magem Badals, Jordi
Gurevich, Vladimir=Gurevich, Vladimir
Raznikov, Danny=Raznikov, Danny
Nielsen, Peter Heine=Nielsen, Peter Heine
Nyback, Tomi=Nyback, Tomi
Krivoshey, Sergei=Krivoshey, Sergei
Kasparov, Sergey=Kasparov, Sergey
Zinchenko, Yaroslav=Zinchenko, Yaroslav
Kosteniuk, Alexandra=Kosteniuk, Alexandra
Sadorra, Julio Catalino=Sadorra, Julio Catalino
Sebag, Marie=Sebag, Marie
De La Villa Garcia, Jesus Maria=De La Villa Garcia, Jesus Maria
Pelletier, Yannick=Pelletier, Yannick
Jakubowski, Krzysztof=Jakubowski, Krzysztof
Movsziszian, Karen=Movsziszian, Karen
Miroshnichenko, Evgenij=Miroshnichenko, Evgenij
Dastan, Muhammed Batuhan=Dastan, Muhammed Batuhan
Anton Guijarro, David=Anton Guijarro, David
Skatchkov, Pavel=Skatchkov, Pavel
Hou, Yifan=Hou, Yifan
Schmittdiel, Eckhard=Schmittdiel, Eckhard
Yang, Darwin=Yang, Darwin
Barcenilla, Rogelio=Barcenilla, Rogelio
Kogan, Arthur=Kogan, Arthur
Eingorn, Vereslav S=Eingorn, Vereslav S
Larino Nieto, David=Larino Nieto, David
Van Foreest, Jorden=Van Foreest, Jorden
El Debs, Felipe de Cresce=El Debs, Felipe de Cresce
Zambrana, Oswaldo=Zambrana, Oswaldo
Yermolinsky, Alex=Yermolinsky, Alex
Ionov, Sergey=Ionov, Sergey
Pap, Misa=Pap, Misa
Azmaiparashvili, Zurab=Azmaiparashvili, Zurab
Turov, Maxim=Turov, Maxim
Tukhaev, Adam=Tukhaev, Adam
Matlakov, Maxim=Matlakov, Maxim
Deviatkin, Andrei=Deviatkin, Andrei
Sunilduth Lyna, Narayanan=Sunilduth Lyna, Narayanan
Xie, Jun=Xie, Jun
Janjghava, Lasha=Janjghava, Lasha
Zhao, Xue=Zhao, Xue
Ovetchkin, Roman=Ovetchkin, Roman
Vallejo Pons, Francisco=Vallejo Pons, Francisco
Hera, Imre Jr.=Hera, Imre Jr.
Short, Nigel D=Short, Nigel D
Hort, Vlastimil=Hort V
Heimann, Andreas=Heimann, Andreas
Vorobiov, Evgeny E.=Vorobiov, Evgeny E.
Esen, Baris=Esen, Baris
Kaminski, Marcin=Kaminski, Marcin
Karthikeyan, Murali=Karthikeyan, Murali
Kavalek, Lubomir=Kavalek, Lubomir
Maiwald, Jens-Uwe=Maiwald, Jens-Uwe
Pert, Nicholas=Pert, Nicholas
Christiansen, Larry M=Christiansen, Larry M
Kobalia, Mikhail=Kobalia, Mikhail
Grigoriants, Sergey=Grigoriants, Sergey
Meijers, Viesturs=Meijers, Viesturs
Volodin, Aleksandr=Volodin, Aleksandr
Mastrovasilis, Athanasios=Mastrovasilis, Athanasios
Salov, Valery=Salov, Valery
Gomez Garrido, Camilo Ernesto=Gomez Garrido, Camilo Ernesto
Stripunsky, Alexander=Stripunsky, Alexander
Khenkin, Igor=Khenkin, Igor
Luther, Thomas=Luther, Thomas
Sermek, Drazen=Sermek, Drazen
Socko, Bartosz=Socko, Bartosz
Dzhakaev, Dzhakay=Dzhakaev, Dzhakay
Bagrationi, Alexander=Bagrationi, Alexander
Romanov, Evgeny=Romanov, Evgeny
Dziuba, Marcin=Dziuba, Marcin
Cruz, Cristhian=Cruz, Cristhian
Vorotnikov, Vladislav V=Vorotnikov, Vladislav V
Obregon, Andres Carlos=Obregon, Andres Carlos
Hjartarson, Johann=Hjartarson, Johann
Wang, Zili=Wang, Zili
Chirila, Ioan-Cristian=Chirila, Ioan-Cristian
Fodor, Tamas Jr.=Fodor, Tamas Jr.
King, Daniel J=King, Daniel J
Leko, Peter=Leko, Peter
Ramesh R B=Ramesh R B
Ismagambetov, Anuar=Ismagambetov, Anuar
Georgescu, Tiberiu-Marian=Georgescu, Tiberiu-Marian
Marcelin, Cyril=Marcelin, Cyril
Goldin, Alexander=Goldin, Alexander
Megaranto, Susanto=Megaranto, Susanto
Mareco, Sandro=Mareco, Sandro
Epishin, Vladimir=Epishin, Vladimir
Rozentalis, Eduardas=Rozentalis, Eduardas
Gausel, Einar=Gausel, Einar
Iljin, Artem=Iljin, Artem
Zeng, Chongsheng=Zeng, Chongsheng
Richter, Michael=Richter, Michael
Bu, Xiangzhi=Bu, Xiangzhi
Bindrich, Falko=Bindrich, Falko
Sokolov, Andrei=Sokolov, Andrei
Lie, Kjetil A.=Lie, Kjetil A.
Hess, Robert L=Hess, Robert L
Schwartzman, Gabriel=Schwartzman, Gabriel
Sveshnikov, Evgeny=Sveshnikov, Evgeny
Zhang, Pengxiang=Zhang, Pengxiang
De Firmian, Nick E=De Firmian, Nick E
Genov, Petar=Genov, Petar
Ma, Qun=Ma, Qun
Werle, Jan=Werle, Jan
Tkachiev, Vladislav=Tkachiev, Vladislav
Escobar Forero, Alder=Escobar Forero, Alder
Safarli, Eltaj=Safarli, Eltaj
Hasangatin, Ramil=Hasangatin, Ramil
Milos, Gilberto=Milos, Gilberto
Maghalashvili, Davit=Maghalashvili, Davit
Zhao, Zong-Yuan=Zhao, Zong-Yuan
Mamedov, Rauf=Mamedov, Rauf
Zontakh, Andrey=Zontakh, Andrey
Fernandes, Antonio=Fernandes, Antonio
Gomez, John Paul=Gomez, John Paul
Boensch, Uwe=Boensch, Uwe
Strikovic, Aleksa=Strikovic, Aleksa
Moradiabadi, Elshan=Moradiabadi, Elshan
Levin, Felix=Levin, Felix
Vajda, Levente=Vajda, Levente
Smith, Axel=Smith, Axel
Alekseenko, Kirill=Alekseenko, Kirill
Bernasek, Jan=Bernasek, Jan
Balinov, Ilia=Balinov, Ilia
Perelshteyn, Eugene=Perelshteyn, Eugene
Nunn, John D M=Nunn, John D M
Kosyrev, Vladimir=Kosyrev, Vladimir
Ponomariov, Ruslan=Ponomariov, Ruslan
Tikkanen, Hans=Tikkanen, Hans
Nalbandian, Tigran=Nalbandian, Tigran
Kruppa, Yuri=Kruppa, Yuri
Dervishi, Erald=Dervishi, Erald
Baryshpolets, Andrey=Baryshpolets, Andrey
Mekhitarian, Krikor Sevag=Mekhitarian, Krikor Sevag
Ringoir, Tanguy=Ringoir, Tanguy
Renet, Olivier=Renet, Olivier
Barbosa, Evandro Amorim=Barbosa, Evandro Amorim
Shaposhnikov, Evgeny=Shaposhnikov, Evgeny
Lutz, Christopher=Lutz, Christopher
Geller, Jakov=Geller, Jakov
Brkic, Ante=Brkic, Ante
Konovalov, Nikolay=Konovalov, Nikolay
Bromberger, Stefan=Bromberger, Stefan
Rogovski, Vladimir=Rogovski, Vladimir
Fedorov, Alexei=Fedorov, Alexei
Chernyshov, Konstantin=Chernyshov, Konstantin
Vidit, Santosh Gujrathi=Vidit, Santosh Gujrathi
Gharamian, Tigran=Gharamian, Tigran
Georgiadis, Nico=Georgiadis, Nico
Nadyrkhanov, Sergey=Nadyrkhanov, Sergey
Aghasaryan, Robert=Aghasaryan, Robert
Slobodjan, Roman=Slobodjan, Roman
Svane, Rasmus=Svane, Rasmus
Czebe, Attila=Czebe, Attila
Degraeve, Jean-Marc=Degraeve, Jean-Marc
Kramnik, Vladimir=Kramnik, Vladimir
Banikas, Hristos=Banikas, Hristos
Trajkovic, Predrag=Trajkovic, Predrag
Sigurjonsson, Gudmundur=Sigurjonsson, Gudmundur
Pruijssers, Roeland=Pruijssers, Roeland
Muzychuk, Anna=Muzychuk, Anna
Yudasin, Leonid=Yudasin, Leonid
Korotylev, Alexey=Korotylev, Alexey
Khmelniker, Ilya=Khmelniker, Ilya
Hracek, Zbynek=Hracek, Zbynek
Solak, Dragan=Solak, Dragan
Liang, Awonder=Liang, Awonder
Iskusnyh, Sergei=Iskusnyh, Sergei
Molner, Mackenzie=Molner, Mackenzie
Prusikin, Michael=Prusikin, Michael
Gritsak, Orest=Gritsak, Orest
Grigoryan, Karen H.=Grigoryan, Karen H.
Savchenko, Stanislav=Savchenko, Stanislav
Cifuentes Parada, Roberto=Cifuentes Parada, Roberto
Gleizerov, Evgeny=Gleizerov, Evgeny
AL-Sayed, Mohammed=AL-Sayed, Mohammed
Visser, Yge=Visser, Yge
Wojtaszek, Radoslaw=Wojtaszek, Radoslaw
Bok, Benjamin=Bok, Benjamin
Sarana, Alexey=Sarana, Alexey
Kalod, Radek=Kalod, Radek
Lautier, Joel=Lautier, Joel
Giri, Anish=Giri, Anish
Perunovic, Milos=Perunovic, Milos
Bruzon Batista, Lazaro=Bruzon Batista, Lazaro
Granda Zuniga, Julio E=Granda Zuniga, Julio E
Van Wely, Loek=Van Wely, Loek
Liu, Qingnan=Liu, Qingnan
Babaev, Rashad=Babaev, Rashad
Dobrov, Vladimir=Dobrov, Vladimir
Jojua, Davit=Jojua, Davit
Vladimirov, Yevgeniy=Vladimirov, Yevgeniy
Inkiov, Ventzislav=Inkiov, Ventzislav
Kacheishvili, Giorgi=Kacheishvili, Giorgi
Chernobay, Artem=Chernobay, Artem
Jankovic, Alojzije=Jankovic, Alojzije
Winants, Luc=Winants, Luc
Vysochin, Spartak=Vysochin, Spartak
Kadric, Denis=Kadric, Denis
Barbosa, Oliver=Barbosa, Oliver
Beliavsky, Alexander G=Beliavsky, Alexander G
Jakovenko, Dmitry=Jakovenko, Dmitry
Quparadze, Giga=Quparadze, Giga
Gutman, Gennadi=Gutman, Gennadi
Eryomenko, Volodymyr=Eryomenko, Volodymyr
Demuth, Adrien=Demuth, Adrien
Parligras, Mircea-Emilian=Parligras, Mircea-Emilian
Graf, Alexander=Graf, Alexander
Yudin, Sergei=Yudin, Sergei
Ibrahimov, Rasul=Ibrahimov, Rasul
Batchuluun, Tsegmed=Batchuluun, Tsegmed
Haddouche, Mohamed=Haddouche, Mohamed
Kalinin, Alexander=Kalinin, Alexander
Michiels, Bart=Michiels, Bart
Balogh, Csaba=Balogh, Csaba
Marciano, David=Marciano, David
Ibragimov, Ildar=Ibragimov, Ildar
Schroeder, Jan-Christian=Schroeder, Jan-Christian
Ivanisevic, Ivan=Ivanisevic, Ivan
Kallai, Gabor=Kallai, Gabor
Paragua, Mark=Paragua, Mark
Shabalov, Alexander=Shabalov, Alexander
Plat, Vojtech=Plat, Vojtech
Kelires, Andreas=Kelires, Andreas
Kosintseva, Tatiana=Kosintseva, Tatiana
Smirin, Ilia=Smirin, Ilia
Popovic, Dusan=Popovic, Dusan
Lobron, Eric=Lobron, Eric
Bai, Jinshi=Bai, Jinshi
Nyzhnyk, Illya=Nyzhnyk, Illya
Naiditsch, Arkadij=Naiditsch, Arkadij
Wahls, Matthias=Wahls, Matthias
Zaragatski, Ilja=Zaragatski, Ilja
Steingrimsson, Hedinn=Steingrimsson, Hedinn
Yevseev, Denis=Yevseev, Denis
Moskalenko, Viktor=Moskalenko, Viktor
Jenni, Florian=Jenni, Florian
Holzke, Frank=Holzke, Frank
Smirnov, Pavel=Smirnov, Pavel
Markowski, Tomasz=Markowski, Tomasz
Ivanov, Sergey=Ivanov, Sergey
Korneev, Oleg=Korneev, Oleg
Wang, Hao=Wang, Hao
Chatalbashev, Boris=Chatalbashev, Boris
Olszewski, Michal=Olszewski, Michal
Can, Emre=Can, Emre
Kallio, Heikki=Kallio, Heikki
Antal, Gergely=Antal, Gergely
Howell, David W L=Howell, David W L
Matsuura, Everaldo=Matsuura, Everaldo
Korobov, Anton=Korobov, Anton
Zilka, Stepan=Zilka, Stepan
Pilavov, Georgy=Pilavov, Georgy
Ladva, Ottomar=Ladva, Ottomar
Forcen Esteban, Daniel=Forcen Esteban, Daniel
Swinkels, Robin=Swinkels, Robin
Shengelia, David=Shengelia, David
Paichadze, Luka=Paichadze, Luka
Czarnota, Pawel=Czarnota, Pawel
Dvirnyy, Danyyil=Dvirnyy, Danyyil
Agdestein, Simen=Agdestein, Simen
Kovalev, Andrei=Kovalev, Andrei
Li, Chao b=Li, Chao b
Shirov, Alexei=Shirov, Alexei
Svidler, Peter=Svidler, Peter
Ernst, Sipke=Ernst, Sipke
Kuljasevic, Davorin=Kuljasevic, Davorin
Guidarelli, Laurent=Guidarelli, Laurent
Khalifman, Alexander=Khalifman, Alexander
Janovsky, Sergey=Janovsky, Sergey
Tarlev, Konstantin=Tarlev, Konstantin
Rodshtein, Maxim=Rodshtein, Maxim
Peralta, Fernando=Peralta, Fernando
Gonda, Laszlo=Gonda, Laszlo
Vovk, Yuri=Vovk, Yuri
Biyiasas, Peter=Biyiasas, Peter
Felgaer, Ruben=Felgaer, Ruben
Emms, John M=Emms, John M
Kolev, Atanas=Kolev, Atanas
Kravtsiv, Martyn=Kravtsiv, Martyn
Piorun, Kacper=Piorun, Kacper
Indjic, Aleksandar=Indjic, Aleksandar
Mchedlishvili, Mikheil=Mchedlishvili, Mikheil
Goganov, Aleksey=Goganov, Aleksey
Fang, Yuxiang=Fang, Yuxiang
Petrosian, Arshak B=Petrosian, Arshak B
Bykhovsky, Anatoly=Bykhovsky, Anatoly
Panarin, Mikhail=Panarin, Mikhail
Vocaturo, Daniele=Vocaturo, Daniele
Vaibhav, Suri=Vaibhav, Suri
Lugovskoy, Maxim=Lugovskoy, Maxim
Hawkins, Jonathan=Hawkins, Jonathan
Lima, Darcy=Lima, Darcy
Huzman, Alexander=Huzman, Alexander
Hillarp Persson, Tiger=Hillarp Persson, Tiger
Stern, Rene=Stern, Rene
Zelcic, Robert=Zelcic, Robert
Rahman, Ziaur=Rahman, Ziaur
Izeta Txabarri, Felix=Izeta Txabarri, Felix
Chandra, Akshat=Chandra, Akshat
Xiu, Deshun=Xiu, Deshun
Oral, Tomas=Oral, Tomas
Debashis, Das=Debashis, Das
Negi, Parimarjan=Negi, Parimarjan
Kovacevic, Aleksandar=Kovacevic, Aleksandar
Akopian, Vladimir=Akopian, Vladimir
Akopian, Vladimir=akopian
Akopian, Vladimir=akopian v
Akopian, Vladimir=akopian v urs
Akopian, Vladimir=akopian vl
Akopian, Vladimir=akopian vladimir arm
Akopian, Vladimir=arm akopian vladimir
Huschenbeth, Niclas=Huschenbeth, Niclas
Urkedal, Frode=Urkedal, Frode
Koniushkov, Igor=Koniushkov, Igor
Chiburdanidze, Maia=Chiburdanidze, Maia
Kazhgaleyev, Murtas=Kazhgaleyev, Murtas
Rabiega, Robert=Rabiega, Robert
Arnold, Marc T=Arnold, Marc T
Gofshtein, Leonid=Gofshtein, Leonid
Bezgodov, Alexei=Bezgodov, Alexei
Urday, Henry=Urday, Henry
Jovanovic, Zoran=Jovanovic, Zoran
Lintchevski, Daniil=Lintchevski, Daniil
Bachmann, Axel=Bachmann, Axel
Pashikian, Arman=Pashikian, Arman
Le Roux, Jean-Pierre=Le Roux, Jean-Pierre
Spangenberg, Hugo=Spangenberg, Hugo
Mollah Abdullah, Al Rakib=Mollah Abdullah, Al Rakib
Khusnutdinov, Rustam=Khusnutdinov, Rustam
Gabuzyan, Hovhannes=Gabuzyan, Hovhannes
Popov, Ivan=Popov, Ivan
Pavlovic, Milos=Pavlovic, Milos
Karjakin, Sergey=Karjakin, Sergey
Duda, Jan-Krzysztof=Duda, Jan-Krzysztof
Totsky, Leonid=Totsky, Leonid
Heberla, Bartlomiej=Heberla, Bartlomiej
Vaganian, Rafael A=Vaganian, Rafael A
Shishkin, Vadim=Shishkin, Vadim
Vakhidov, Jakhongir=Vakhidov, Jakhongir
Minasian, Artashes=Minasian, Artashes
Matamoros Franco, Carlos S.=Matamoros Franco, Carlos S.
Zajic, Milan=Zajic, Milan
Bluvshtein, Mark=Bluvshtein, Mark
Adly, Ahmed=Adly, Ahmed
Navara, David=Navara, David
Sosonko, Gennadi=Sosonko, Gennadi
Stojanovic, Mihajlo=Stojanovic, Mihajlo
Skorchenko, Dmitriy=Skorchenko, Dmitriy
Feygin, Michael=Feygin, Michael
Dzagnidze, Nana=Dzagnidze, Nana
Aronian, Levon=Aronian, Levon
Gurevich, Ilya=Gurevich, Ilya
Yemelin, Vasily=Yemelin, Vasily
Grigorov, Grigor=Grigorov, Grigor
Zhigalko, Andrey=Zhigalko, Andrey
Corrales Jimenez, Fidel=Corrales Jimenez, Fidel
Stocek, Jiri=Stocek, Jiri
Rustemov, Alexander=Rustemov, Alexander
Ruck, Robert=Ruck, Robert
Nikolic, Predrag=Nikolic, Predrag
Sulskis, Sarunas=Sulskis, Sarunas
Tazbir, Marcin=Tazbir, Marcin
Predke, Alexandr=Predke, Alexandr
Kononenko, Dmitry=Kononenko, Dmitry
Sutovsky, Emil=Sutovsky, Emil
Vaisser, Anatoly=Vaisser, Anatoly
Delgado Ramirez, Neuris=Delgado Ramirez, Neuris
Brodsky, Michail=Brodsky, Michail
Kritz, Leonid=Kritz, Leonid
Adhiban, B.=Adhiban, B.
Ovsejevitsch, Sergei=Ovsejevitsch, Sergei
Sargissian, Gabriel=Sargissian, Gabriel
Grischuk, Alexander=Grischuk, Alexander
Grachev, Boris=Grachev, Boris
Boruchovsky, Avital=Boruchovsky, Avital
Naumkin, Igor=Naumkin, Igor
Giaccio, Alfredo=Giaccio, Alfredo
Vishnu Prasanna. V=Vishnu Prasanna. V
Miladinovic, Igor=Miladinovic, Igor
Muratovic, Alija=Muratovic, Alija
Schandorff, Lars=Schandorff, Lars
Nabaty, Tamir=Nabaty, Tamir
Burg, Twan=Burg, Twan
Durarbayli, Vasif=Durarbayli, Vasif
Akshayraj, Kore=Akshayraj, Kore
Amin, Bassem=Amin, Bassem
Dubov, Daniil=Dubov, Daniil
Acs, Peter=Acs, Peter
Ikonnikov, Vyacheslav=Ikonnikov, Vyacheslav
Fish, Gennadij=Fish, Gennadij
Norwood, David R=Norwood, David R
Zubarev, Alexander=Zubarev, Alexander
Jones, Gawain C B=Jones, Gawain C B
Morovic Fernandez, Ivan=Morovic Fernandez, Ivan
Moreno Carnero, Javier=Moreno Carnero, Javier
Zarnicki, Pablo=Zarnicki, Pablo
Ramirez, Alejandro=Ramirez, Alejandro
Polgar, Susan=Polgar, Susan
Volzhin, Alexander=Volzhin, Alexander
Zoler, Dan=Zoler, Dan
Lenic, Luka=Lenic, Luka
Dizdarevic, Emir=Dizdarevic, Emir
Wolff, Patrick G=Wolff, Patrick G
Chadaev, Nikolai=Chadaev, Nikolai
Moranda, Wojciech=Moranda, Wojciech
Postny, Evgeny=Postny, Evgeny
Sivuk, Vitaly=Sivuk, Vitaly
Rasmussen, Allan Stig=Rasmussen, Allan Stig
Bakre, Tejas=Bakre, Tejas
Holt, Conrad=Holt, Conrad
Almeida Quintana, Omar=Almeida Quintana, Omar
Cvek, Robert=Cvek, Robert
Godena, Michele=Godena, Michele
Dydyshko, Viacheslav=Dydyshko, Viacheslav
Efimenko, Zahar=Efimenko, Zahar
Preotu, Razvan=Preotu, Razvan
Prokopchuk, Evgeny=Prokopchuk, Evgeny
Mammadov, Zaur=Mammadov, Zaur
Andersson, Ulf=Andersson, Ulf
Rotstein, Arkadij=Rotstein, Arkadij
Ganguly, Surya Shekhar=Ganguly, Surya Shekhar
Lalith Babu M R=Lalith Babu M R
Antoniewski, Rafal=Antoniewski, Rafal
Akobian, Varuzhan=Akobian, Varuzhan
Bauer, Christian=Bauer, Christian
Smirnov, Igor=Smirnov, Igor
Stohl, Igor=Stohl, Igor
Krivoborodov, Egor=Krivoborodov, Egor
Nakamura, Hikaru=Nakamura, Hikaru
Milov, Leonid=Milov, Leonid
Bogosavljevic, Boban=Bogosavljevic, Boban
Malakhatko, Vadim=Malakhatko, Vadim
Ivanchuk, Vassily=Ivanchuk, Vassily
Ivanchuk, Vassily=Ivanchuk, Vassily (UKR)
Ivanchuk, Vassily=Ivanchuk, V
Savic, Miodrag R=Savic, Miodrag R
Li, Shilong=Li, Shilong
Kveinys, Aloyzas=Kveinys, Aloyzas
Alonso Rosell, Alvar=Alonso Rosell, Alvar
Stefanova, Antoaneta=Stefanova, Antoaneta
Cabrera, Alexis=Cabrera, Alexis
Abreu Delgado, Aryam=Abreu Delgado, Aryam
Ruzele, Darius=Ruzele, Darius
Iordachescu, Viorel=Iordachescu, Viorel
Gao, Rui=Gao, Rui
Stanec, Nikolaus=Stanec, Nikolaus
Gabrielian, Artur=Gabrielian, Artur
Abergel, Thal=Abergel, Thal
Stukopin, Andrey=Stukopin, Andrey
Khotenashvili, Bela=Khotenashvili, Bela
Wirig, Anthony=Wirig, Anthony
Yakovich, Yuri=Yakovich, Yuri
Oratovsky, Michael=Oratovsky, Michael
Komarov, Dimitri=Komarov, Dimitri
Polak, Tomas=Polak, Tomas
Tomczak, Jacek=Tomczak, Jacek
Deac, Bogdan-Daniel=Deac, Bogdan-Daniel
Petrik, Tomas=Petrik, Tomas
Maximov, Dmitry=Maximov, Dmitry
Shkuro, Iuri=Shkuro, Iuri
Petrosian, Tigran L.=Petrosian, Tigran L.
Borisek, Jure=Borisek, Jure
Lin, Chen=Lin, Chen
Kuzmin, Alexey=Kuzmin, Alexey
Ricardi, Pablo=Ricardi, Pablo
Moiseenko, Alexander=Moiseenko, Alexander
Votava, Jan=Votava, Jan
Arribas Lopez, Angel=Arribas Lopez, Angel
Rasulov, Vugar=Rasulov, Vugar
Donchenko, Alexander=Donchenko, Alexander
Watson, William N=Watson, William N
Blomqvist, Erik=Blomqvist, Erik
Kayumov, Sergey=Kayumov, Sergey
Ziska, Helgi Dam=Ziska, Helgi Dam
Magomedov, Magaram=Magomedov, Magaram
Van den Doel, Erik=Van den Doel, Erik
Goloshchapov, Alexander=Goloshchapov, Alexander
Xu, Yuhua=Xu, Yuhua
Mecking, Henrique=Mecking, Henrique
Morozevich, Alexander=Morozevich, Alexander
Alekseev, Evgeny=Alekseev, Evgeny
Kornev, Alexei=Kornev, Alexei
Saric, Ivan=Saric, Ivan
Movsesian, Sergei=Movsesian, Sergei
Belikov, Vladimir=Belikov, Vladimir
Dyachkov, Sergej=Dyachkov, Sergej
Yuffa, Daniil=Yuffa, Daniil
Alvarez Pedraza, Aramis=Alvarez Pedraza, Aramis
Xiong, Jeffery=Xiong, Jeffery
Kovalev, Vladislav=Kovalev, Vladislav
Cornette, Matthieu=Cornette, Matthieu
Frolyanov, Dmitry=Frolyanov, Dmitry
Adianto, Utut=Adianto, Utut
Rasik, Vitezslav=Rasik, Vitezslav
Tran, Tuan Minh=Tran, Tuan Minh
Hebden, Mark L=Hebden, Mark L
Kasimdzhanov, Rustam=Kasimdzhanov, Rustam
Comas Fabrego, Lluis=Comas Fabrego, Lluis
Melkumyan, Hrant=Melkumyan, Hrant
Harikrishna, P.=Harikrishna, P.
Lemos, Damian=Lemos, Damian
Hoffman, Alejandro=Hoffman, Alejandro
Howell, James C=Howell, James C
Parker, Jonathan F=Parker, Jonathan F
Wagner, Dennis=Wagner, Dennis
Ashwin, Jayaram=Ashwin, Jayaram
Janssen, Ruud=Janssen, Ruud
Banusz, Tamas=Banusz, Tamas
Palatnik, Semon=Palatnik, Semon
Romanishin, Oleg M=Romanishin, Oleg M
Sherzer, Alex=Sherzer, Alex
Motylev, Alexander=Motylev, Alexander
Jussupow, Artur=Jussupow, Artur
Saltaev, Mihail=Saltaev, Mihail
Dambacher, Martijn=Dambacher, Martijn
Lupulescu, Constantin=Lupulescu, Constantin
Relange, Eloi=Relange, Eloi
Arutinian, David=Arutinian, David
Stefansson, Hannes=Stefansson, Hannes
Krakops, Maris=Krakops, Maris
Boros, Denes=Boros, Denes
Arnason, Jon L=Arnason, Jon L
Dvoirys, Semen I.=Dvoirys, Semen I.
Rogic, Davor=Rogic, Davor
Cmilyte, Viktorija=Cmilyte, Viktorija
Nataf, Igor-Alexandre=Nataf, Igor-Alexandre
Cuenca Jimenez, Jose Fernando=Cuenca Jimenez, Jose Fernando
Almasi, Zoltan=Almasi, Zoltan
Bernadskiy, Vitaliy=Bernadskiy, Vitaliy
Shneider, Aleksandr=Shneider, Aleksandr
De La Riva Aguado, Oscar=De La Riva Aguado, Oscar
Nijboer, Friso=Nijboer, Friso
Gledura, Benjamin=Gledura, Benjamin
L'Ami, Erwin=L'Ami, Erwin
Gonzalez Vidal, Yuri=Gonzalez Vidal, Yuri
Voitsekhovsky, Stanislav=Voitsekhovsky, Stanislav
Yu, Yangyi=Yu, Yangyi
Krysa, Leandro=Krysa, Leandro
Kosic, Dragan=Kosic, Dragan
Sjugirov, Sanan=Sjugirov, Sanan
Spasov, Vasil=Spasov, Vasil
Kraemer, Martin=Kraemer, Martin
Milanovic, Danilo=Milanovic, Danilo
Bobras, Piotr=Bobras, Piotr
Alburt, Lev O=Alburt, Lev O
Aryan Chopra=Aryan Chopra
Kotanjian, Tigran=Kotanjian, Tigran
Potapov, Pavel=Potapov, Pavel
Sadvakasov, Darmen=Sadvakasov, Darmen
Benjamin, Joel=Benjamin, Joel
Prie, Eric=Prie, Eric
Solodovnichenko, Yuri=Solodovnichenko, Yuri
Wen, Yang=Wen, Yang
Tiviakov, Sergei=Tiviakov, Sergei
Giorgadze, Giorgi=Giorgadze, Giorgi
Roussel-Roozmon, Thomas=Roussel-Roozmon, Thomas
Sethuraman, S.P.=Sethuraman, S.P.
Leitao, Rafael=Leitao, Rafael
Saric, Ante=Saric, Ante
Guliyev, Namig=Guliyev, Namig
Abbasov, Farid=Abbasov, Farid
Lugovoi, Aleksei=Lugovoi, Aleksei
Kosashvili, Yona=Kosashvili, Yona
Al-Modiahki, Mohamad=Al-Modiahki, Mohamad
Vasquez Schroeder, Rodrigo=Vasquez Schroeder, Rodrigo
Grigore, George-Gabriel=Grigore, George-Gabriel
Levin, Evgeny A.=Levin, Evgeny A.
Marjanovic, Slavoljub=Marjanovic, Slavoljub
Oparin, Grigoriy=Oparin, Grigoriy
Jeremic, Veljko=Jeremic, Veljko
Wei, Yi=Wei, Yi
Nikolenko, Oleg=Nikolenko, Oleg
Arencibia Rodriguez, Walter=Arencibia Rodriguez, Walter
Smejkal, Jan=Smejkal, Jan
Rusev, Krasimir=Rusev, Krasimir
Tomashevsky, Evgeny=Tomashevsky, Evgeny
Manor, Ilan=Manor, Ilan
Kosten, Anthony C.=Kosten, Anthony C.
Sanikidze, Tornike=Sanikidze, Tornike
Zhigalko, Sergei=Zhigalko, Sergei
Timman, Jan H=Timman, Jan H
Bitoon, Richard=Bitoon, Richard
Novikov, Igor A=Novikov, Igor A
Markovic, Miroslav=Markovic, Miroslav
Hoang, Thanh Trang=Hoang, Thanh Trang
Roganovic, Milos=Roganovic, Milos
Mozharov, Mikhail=Mozharov, Mikhail
Izoria, Zviad=Izoria, Zviad
Makarichev, Sergey=Makarichev, Sergey
Gurevich, Mikhail=Gurevich, Mikhail
Yu, Ruiyuan=Yu, Ruiyuan
Castaneda, Georgui=Castaneda, Georgui
Hoffmann, Michael=Hoffmann, Michael
Dolmatov, Sergey=Dolmatov, Sergey
Shariyazdanov, Andrey=Shariyazdanov, Andrey
Pap, Gyula=Pap, Gyula
Palo, Davor=Palo, Davor
Nogueiras Santiago, Jesus=Nogueiras Santiago, Jesus
Rausis, Igors=Rausis, Igors
Sunye Neto, Jaime=Sunye Neto, Jaime
Benidze, Davit=Benidze, Davit
Szabo, Krisztian=Szabo, Krisztian
Naroditsky, Daniel=Naroditsky, Daniel
Mirumian, Vigen=Mirumian, Vigen
Maksimenko, Andrei=Maksimenko, Andrei
Kotsur, Pavel=Kotsur, Pavel
Motwani, Paul=Motwani, Paul
Shcherbakov, Ruslan=Shcherbakov, Ruslan
Zagrebelny, Sergey=Zagrebelny, Sergey
Klein, David=Klein, David
Bortnyk, Olexandr=Bortnyk, Olexandr
Chigaev, Maksim=Chigaev, Maksim
Berescu, Alin-Mile=Berescu, Alin-Mile
Stellwagen, Daniel=Stellwagen, Daniel
Medvegy, Zoltan=Medvegy, Zoltan
Brandenburg, Daan=Brandenburg, Daan
Lei, Tingjie=Lei, Tingjie
Mikhalevski, Victor=Mikhalevski, Victor
Diamant, Andre=Diamant, Andre
Petrov, Marian=Petrov, Marian
Lafuente, Pablo=Lafuente, Pablo
Erdos, Viktor=Erdos, Viktor
Bosiocic, Marin=Bosiocic, Marin
Carlsen, Magnus=Carlsen, Magnus
Rakhmanov, Aleksandr=Rakhmanov, Aleksandr
Bajarani, Ulvi=Bajarani, Ulvi
Kollars, Dmitrij=Kollars, Dmitrij
Matanovic, Aleksandar=Matanovic, Aleksandar
Areshchenko, Alexander=Areshchenko, Alexander
Fier, Alexandr=Fier, Alexandr
Stojanovic, Dalibor=Stojanovic, Dalibor
Gopal G.N.=Gopal G.N.
Espinosa Veloz, Ermes=Espinosa Veloz, Ermes
Karpov, Anatoly=Karpov, Anatoly
Sumets, Andrey=Sumets, Andrey
Bacallao Alonso, Yusnel=Bacallao Alonso, Yusnel
Popilski, Gil=Popilski, Gil
Bojkov, Dejan=Bojkov, Dejan
Gagunashvili, Merab=Gagunashvili, Merab
Del Rio De Angelis, Salvador G.=Del Rio De Angelis, Salvador G.
Firat, Burak=Firat, Burak
Brunello, Sabino=Brunello, Sabino
Portisch, Lajos=Portisch, Lajos
Harika, Dronavalli=Harika, Dronavalli
Parma, Bruno=Parma, Bruno
Iuldachev, Saidali=Iuldachev, Saidali
Markus, Robert=Markus, Robert
Kumaran, Dharshan=Kumaran, Dharshan
Spraggett, Kevin=Spraggett, Kevin
Petr, Martin=Petr, Martin
Avrukh, Boris=Avrukh, Boris
Franco Ocampos, Zenon=Franco Ocampos, Zenon
Galego, Luis=Galego, Luis
Petursson, Margeir=Petursson, Margeir
Hauchard, Arnaud=Hauchard, Arnaud
Knaak, Rainer=Knaak, Rainer
Volkov, Sergey=Volkov, Sergey
Swiercz, Dariusz=Swiercz, Dariusz
Golod, Vitali=Golod, Vitali
Ragger, Markus=Ragger, Markus
Balog, Imre=Balog, Imre
Sakaev, Konstantin=Sakaev, Konstantin
Krylov, Mikhail=Krylov, Mikhail
Filippov, Anton=Filippov, Anton
Lysyj, Igor=Lysyj, Igor
Wedberg, Tom=Wedberg, Tom
Djukic, Nikola=Djukic, Nikola
Zhao, Jun=Zhao, Jun
Gonzalez, Renier=Gonzalez, Renier
Radjabov, Teimour=Radjabov, Teimour
Ajrapetjan, Yuriy=Ajrapetjan, Yuriy
Alterman, Boris=Alterman, Boris
Naumann, Alexander=Naumann, Alexander
Stanojoski, Zvonko=Stanojoski, Zvonko
Xu, Yinglun=Xu, Y
Robson, Ray=Robson, R
Jobava, Baadur=Jobava, B
Hertneck, Gerald=Hertneck, G
Deepan Chakkravarthy J.=Deepan Chakkravarthy J.
Tan, Zhongyi=Tan, Z
Jaracz, Pawel=Jaracz, P
Stean, Michael F=Stean, M
Anand, Viswanathan=Anand, V
Warakomski, Tomasz=Warakomski, T
Golubev, Mikhail=Golubev, M
Mamedov, Nidjat=Mamedov, N
Moussard, Jules=Moussard, J
Liang, Chong=Liang, C
Hellsten, Johan=Hellsten, J
Piket, Jeroen=Piket, J
Aravindh,Chithambaram VR.=Aravindh,Chithambaram VR.
Martinez Duany, Lelys Stanley=Martinez Duany, L
Villamayor, Buenaventura=Villamayor, B
Zablotsky, Sergei=Zablotsky, S
Prohaszka, Peter=Prohaszka, P
Dominguez Perez, Leinier=Dominguez Perez, L
Zifroni, Dov=Zifroni, D
Hickl, Joerg=Hickl, J
Shimanov, Aleksandr=Shimanov, A
Kurajica, Bojan=Kurajica, B
Teterev, Vitaly=Teterev, V
Alsina Leal, Daniel=Alsina Leal, D
Qashashvili, Alexandre=Qashashvili, A
McShane, Luke J=McShane, L
Cheparinov, Ivan=Cheparinov, I
Pakleza, Zbigniew=Pakleza, Z
Kovalyov, Anton=Kovalyov, A
Ni, Hua=Ni, H
David, Alberto=David, A
Kapnisis, Spyridon=Kapnisis, S
Lputian, Smbat G=Lputian, S
Zakhartsov, Viacheslav V.=Zakhartsov, V
Alonso, Salvador=Alonso, S
Dlugy, Maxim=Dlugy, M
Grandelius, Nils=Grandelius, N
Liang, Jinrong=Liang, J
Gdanski, Jacek=Gdanski, J
Lu, Shanglei=Lu, S
Horvath, Csaba=Horvath, C
Gonzalez Zamora, Juan Carlos=Gonzalez Zamora, J
Belozerov, Andrei=Belozerov, A
Haznedaroglu, Kivanc=Haznedaroglu, K
Fridman, Daniel=Fridman, D
Krasenkow, Michal=Krasenkow, M
Finegold, Benjamin=Finegold, B
Ye, Jiangchuan=Ye, J
Kulaots, Kaido=Kulaots, K
Georgiev, Vladimir=Georgiev, V
Cuartas, Jaime Alexander=Cuartas, J
Predojevic, Borki=Predojevic, B
Gretarsson, Hjorvar Steinn=Gretarsson, H
Bacrot, Etienne=Bacrot, E
Romanenko, Vladimir=Romanenko, V
Flores, Diego=Flores, D
Cyborowski, Lukasz=Cyborowski, L
Gunina, Valentina=Gunina, V
Panchanathan, Magesh Chandran=Panchanathan, M
Becerra Rivero, Julio=Becerra Rivero, J
Reinderman, Dimitri=Reinderman, D
Papp, Gabor=Papp, G
Grigoryan, Avetik=Grigoryan, A
Galkin, Alexander=Galkin, A
Smagin, Sergey=Smagin, S
Rivas Pastor, Manuel=Rivas Pastor, M
Sengupta, Deep=Sengupta, D
Pichot, Alan=Pichot, A
Turner, Matthew J=Turner, M
Gustafsson, Jan=Gustafsson, J
Babujian, Levon=Babujian, L
Mohr, Georg=Mohr, G
Sedlak, Nikola=Sedlak, N
Friedel, Joshua E=Friedel, J
Gagare, Shardul=Gagare, S
Klimov, Sergey=Klimov, S
Aagaard, Jacob=Aagaard, J
Mueller, Karsten, Dr.=Mueller, K
Huebner, Robert=Huebner, R
Nikolov, Momchil=Nikolov, M
Pinter, Jozsef=Pinter, J
Johannessen, Leif Erlend=Johannessen, L
Berelowitsch, Alexander=Berelowitsch, A
Zherebukh, Yaroslav=Zherebukh, Y
Zhang, Zhong=Zhang, Z
Miton, Kamil=Miton, K
Bocharov, Dmitry=Bocharov, D
Landa, Konstantin=Landa, K
Horvath, Jozsef=Horvath, J
Rombaldoni, Axel=Rombaldoni, A
Keitlinghaus, Ludger=Keitlinghaus, L
Yilmaz, Mustafa=Yilmaz, M
Kanep, Meelis=Kanep, M
Yu, Shaoteng=Yu, S
Martinovic, Sasa=Martinovic, S
Babula, Vlastimil=Babula, V
Ankit, R. Rajpara=Ankit, R
Gabriel, Christian=Gabriel, C
Salem, A.R. Saleh=Salem, A
Lazic, Miroljub=Lazic, M
Khismatullin, Denis=Khismatullin, D
Brunner, Lucas=Brunner, L
Timoscenko, Gennadij=Timoscenko, G
Sokolov, Ivan=Sokolov, I
Gupta, Abhijeet=Gupta, A
Lesiege, Alexandre=Lesiege, A
Dzindzichashvili, Roman=Dzindzichashvili, R
Bartel, Mateusz=Bartel, M
Kotronias, Vasilios=Kotronias, V
Smeets, Jan=Smeets, J
Kharchenko, Boris=Kharchenko, B
Shyam, Sundar M.=Shyam, S
Ye, Rongguang=Ye, R
Dourerassou, Jonathan=Dourerassou, J
Maletin, Pavel=Maletin, P
Kaidanov, Gregory S=Kaidanov, G
Ivanov, Alexander=Ivanov, A
Ruban, Vadim=Ruban, V
Belov, Vladimir=Belov, V
Ter-Sahakyan, Samvel=Ter-Sahakyan, S
Lopez Martinez, Josep Manuel=Lopez Martinez, J
Magerramov, Elmar=Magerramov, E
Dokhoian, Yury=Dokhoian, Y
Buhmann, Rainer=Buhmann, R
Rogoff, Kenneth S=Rogoff, K
Spassky, Boris V.=Spassky, B
Zubov, Alexander=Zubov, A
Horvath, Adam=Horvath, A
Zhou, Weiqi=Zhou, W
Pavlov, Maxim=Pavlov, M
Serper, Grigory=Serper, G
Kishnev, Sergey=Kishnev, S
Sanchez, Joseph=Sanchez, J
Zvjaginsev, Vadim=Zvjaginsev, V
Georgiev, Kiril=Georgiev, K
Barrientos, Sergio E=Barrientos, S
Agaragimov, Djakhangir=Agaragimov, D
Andreikin, Dmitry=Andreikin, D
Davies, Nigel R=Davies, N
Zaichik, Gennadi=Zaichik, G
Damljanovic, Branko=Damljanovic, B
Stevic, Hrvoje=Stevic, H
Wang, Yue=Wang, Y
Hovhannisyan, Robert=Hovhannisyan, R
Braun, Arik=Braun, A
El Gindy, Essam=El Gindy, E
Rychagov, Mikhail=Rychagov, M
Novik, Maxim=Novik, M
Erenburg, Sergey=Erenburg, S
Hayrapetyan, Hovik=Hayrapetyan, H
Swapnil, S. Dhopade=Swapnil, S
Onischuk, Vladimir=Onischuk, V
Mirzoev, Azer=Mirzoev, A
Ubilava, Elizbar=Ubilava, E
Salomon, Johan=Salomon, J
Kraai, Jesse=Kraai, J
Berczes, David=Berczes, D
Skoberne, Jure=Skoberne, J
Kazakov, Mikhail=Kazakov, M
Fercec, Nenad=Fercec, N
Pridorozhni, Aleksei=Pridorozhni, A
Dgebuadze, Alexandre=Dgebuadze, A
Burmakin, Vladimir=Burmakin, V
Kunte, Abhijit=Kunte, A
Bluebaum, Matthias=Bluebaum, M
Hector, Jonny=Hector, J
Makarov, Marat=Makarov, M
Greenfeld, Alon=Greenfeld, A
Artemiev, Vladislav=Artemiev, V
Dragun, Kamil=Dragun, K
Hansen, Curt=Hansen, C
Sasikiran, Krishnan=Sasikiran, K
Riff, Jean-Noel=Riff, J
Danielsen, Henrik=Danielsen, H
Gazarian, Aram=Gazarian, A
Charnushevich, Aliaksei=Charnushevich, A
Jovanic, Ognjen=Jovanic, O
Ortega, Lexy=Ortega, L
Sevillano, Enrico=Sevillano, E
Timoshenko, Georgy=Timoshenko, G
Kanarek, Marcel=Kanarek, M
Cvitan, Ognjen=Cvitan, O
Pfleger, Helmut, Dr.=Pfleger, H
Azarov, Sergei=Azarov, S
Kislinsky, Alexey=Kislinsky, A
Evdokimov, Alexander A.=Evdokimov, A
Vazquez Igarza, Renier=Vazquez Igarza, R
Meier, Georg=Meier, G
Shankland, Samuel L=Shankland, S
Rychagov, Andrey=Rychagov, A
Sanal, Vahap=Sanal, V
Fressinet, Laurent=Fressinet, L
Socko, Monika=Socko, M
Antunes, Antonio=Antunes, A
Bologan, Victor=Bologan, V
Bischoff, Klaus=Bischoff, K
Bhat, Vinay S.=Bhat, V
Le, Quang Liem=Le, Q
Kozul, Zdenko=Kozul, Z
Ninov, Nikolai=Ninov, N
Rambaldi, Francesco=Rambaldi, F
Gyimesi, Zoltan=Gyimesi, Z
Tahirov, Farhad=Tahirov, F
Aghamaliyev, Cemil=Aghamaliyev, C
Kiselev, Vitaliy=Kiselev, V
Pavasovic, Dusko=Pavasovic, D
Sturua, Zurab=Sturua, Z
Ribli, Zoltan=Ribli, Z
Danin, Alexandre=Danin, A
Simantsev, Mikhail=Simantsev, M
Jurcik, Marian=Jurcik, M
Berkes, Ferenc=Berkes, F
Hodgson, Julian M=Hodgson, J
Svetushkin, Dmitry=Svetushkin, D
Rogers, Ian=Rogers, I
Aleksandrov, Aleksej=Aleksandrov, A
Ponkratov, Pavel=Ponkratov, P
Mihok, Oliver=Mihok, O
Gundavaa, Bayarsaikhan=Gundavaa, B
Munoz, Miguel=Munoz, M
Solleveld, Maarten=Solleveld, M
Mamedyarov, Shakhriyar=Mamedyarov, S
Har-Zvi, Ronen=Har-Zvi, R
Edouard, Romain=Edouard, R
Askarov, Marat=Askarov, M
Nguyen, Duc Hoa=Nguyen, D
Tadic, Branko=Tadic, B
Ftacnik, Lubomir=Ftacnik, L
Kunin, Vitaly=Kunin, V
Ju, Wenjun=Ju, W
Lagno, Kateryna=Lagno, K
Ghosh, Diptayan=Ghosh, D
Hevia Alejano, Carlos Antonio=Hevia Alejano, C
Olafsson, Helgi=Olafsson, H
Zlochevskij, Alexander=Zlochevskij, A
Hamdouchi, Hicham=Hamdouchi, H
Antipov, Mikhail Al.=Antipov, M
Stupak, Kirill=Stupak, K
Cramling, Pia=Cramling, P
Marin, Mihail=Marin, M
Eljanov, Pavel=Eljanov, P
Gareyev, Timur=Gareyev, T
Vachier-Lagrave, Maxime=Vachier-Lagrave, M
Loginov, Valery A=Loginov, V
Schlosser, Philipp=Schlosser, P
Zhou, Jianchao=Zhou, J
Nestorovic, Nikola=Nestorovic, N
Ortiz Suarez, Isan Reynaldo=Ortiz Suarez, I
Kovalenko, Igor=Kovalenko, I
Neverov, Valeriy=Neverov, V
Vetoshko, Volodymyr=Vetoshko, V
Ly, Moulthun=Ly, M
Arun Prasad, S.=Arun Prasad, S
Krogius, Nikolai V=Krogius, N
Andersen, Mads=Andersen, M
Kryvoruchko, Yuriy=Kryvoruchko, Y
Shoker, Samy=Shoker, S
Kudrin, Sergey=Kudrin, S
Volokitin, Andrei=Volokitin, A
Oleksiyenko, Mykhaylo=Oleksiyenko, M
Fishbein, Alexander=Fishbein, A
Illingworth, Max=Illingworth, M
Appel, Ralf=Appel, R
Michalik, Peter=Michalik, P
Jumabayev, Rinat=Jumabayev, R
Hausrath, Daniel=Hausrath, D
Miljkovic, Miroslav D=Miljkovic, M
Tratar, Marko=Tratar, M
Badea, Bela=Badea, B
Gavrilov, Alexei=Gavrilov, A
Gordievsky, Dmitry=Gordievsky, D
Malakhov, Vladimir=Malakhov, V
Rechlis, Gad=Rechlis, G
Gonzalez Garcia, Jose=Gonzalez Garcia, J
Jakubiec, Artur=Jakubiec, A
Lajthajm, Borko=Lajthajm, B
Baburin, Alexander=Baburin, A
Himanshu, Sharma=Himanshu, S
Libiszewski, Fabien=Libiszewski, F
Baklan, Vladimir=Baklan, V
Gordon, Stephen J=Gordon, S
Istratescu, Andrei=Istratescu, A
Todorov, Todor=Todorov, T
Rogozenco, Dorian=Rogozenco, D
Polgar, Judit=Polgar, J
Agrest, Evgenij=Agrest, E
Kengis, Edvins=Kengis, E
Cicak, Slavko=Cicak, S
Wan, Yunguo=Wan, Y
Andriasian, Zaven=Andriasian, Z
Manolache, Marius=Manolache, M
Perez Candelario, Manuel=Perez Candelario, M
Dzhumaev, Marat=Dzhumaev, M
Gelashvili, Tamaz=Gelashvili, T
Vila Gazquez, Xavier=Vila Gazquez, X
Amonatov, Farrukh=Amonatov, F
Borovikov, Vladislav=Borovikov, V
Van Kampen, Robin=Van Kampen, R
Sadler, Matthew D=Sadler, M
Krejci, Jan=Krejci, J
Guseinov, Gadir=Guseinov, G
Milov, Vadim=Milov, V
Petkov, Vladimir=Petkov, V
Aroshidze, Levan=Aroshidze, L
Berg, Emanuel=Berg, E
Pantsulaia, Levan=Pantsulaia, L
Ding, Liren=Ding, L
Margvelashvili, Giorgi=Margvelashvili, G
Nevednichy, Vladislav=Nevednichy, V
Popov, Valerij=Popov, V
Kamsky, Gata=Kamsky, G
Markos, Jan=Markos, J
Giorgadze, Tamaz=Giorgadze, T
Lenderman, Aleksandr=Lenderman, A
Kosintseva, Nadezhda=Kosintseva, N
Arizmendi Martinez, Julen Luis=Arizmendi Martinez, J
Muzychuk, Mariya=Muzychuk, M
Riazantsev, Alexander=Riazantsev, A
Vuckovic, Bojan=Vuckovic, B
Abasov, Nijat=Abasov, N
Semcesen, Daniel=Semcesen, D
Dao, Thien Hai=Dao, T
Maslak, Konstantin=Maslak, K
Belous, Vladimir=Belous, V
Novikov, Stanislav=Novikov, S
Vitiugov, Nikita=Vitiugov, N
Mogranzini, Roberto=Mogranzini, R
Pikula, Dejan=Pikula, D
Saric, Ibro=Saric, I
Papin, Vasily=Papin, V
Rowson, Jonathan=Rowson, J
Bogner, Sebastian=Bogner, S
Sikula, Vaszilij=Sikula, V
Ibarra Jerez, Jose Carlos=Ibarra Jerez, J
Hammer, Jon Ludvig=Hammer, J
Rodriguez Vila, Andres=Rodriguez Vila, A
Sevian, Samuel=Sevian, S
Murariu, Andrei=Murariu, A
Ibragimov, Alibek=Ibragimov, A
Bulski, Krzysztof=Bulski, K
Shchekachev, Andrei=Shchekachev, A
Illescas Cordoba, Miguel=Illescas Cordoba, M
Kharitonov, Alexandr=Kharitonov, A
Fedoseev, Vladimir=Fedoseev, V
Dreev, Aleksey=Dreev, A
Berdichevski, Igor=Berdichevski, I
Tari, Aryan=Tari, A
Handke, Florian, Dr.=Handke, F
Maze, Sebastien=Maze, S
Kokarev, Dmitry=Kokarev, D
Gurevich, Dmitry=Gurevich, D
Timofeev, Artyom=Timofeev, A
Leon Hoyos, Manuel=Leon Hoyos, M
Najer, Evgeniy=Najer, E
Rapport, Richard=Rapport, R
Kempinski, Robert=Kempinski, R
Hellers, Ferdinand=Hellers, F
Bogdanovich, Stanislav=Bogdanovich, S
Nikolaidis, Ioannis=Nikolaidis, I
Hansen, Eric=Hansen, E
Sulypa, Oleksandr=Sulypa, O
Anagnostopoulos, Dimitri=Anagnostopoulos, D
Shomoev, Anton=Shomoev, A
Conquest, Stuart C=Conquest, S
Cordova, Emilio=Cordova, E
Spoelman, Wouter=Spoelman, W
Chekhov, Valery A=Chekhov, V
Studer, Noel=Studer, N
Orlov, Andrey=Orlov, A
Savchenko, Boris=Savchenko, B
Kabanov, Nikolai=Kabanov, N
Keene, Raymond D=Keene, R
Sandipan, Chanda=Sandipan, C
Mikhalchishin, Adrian=Mikhalchishin, A
Dautov, Rustem=Dautov, R
Li, Ruifeng=Li, R
Gormally, Daniel W=Gormally, D
Schmaltz, Roland=Schmaltz, R
Ehlvest, Jaan=Ehlvest, J
Vescovi, Giovanni=Vescovi, G
Baron, Tal=Baron, T
Hernandez Guerrero, Gilberto=Hernandez Guerrero, G
Topalov, Veselin=Topalov, V
Jianu, Vlad-Cristian=Jianu, V
Karpatchev, Aleksandr=Karpatchev, A
Gajewski, Grzegorz=Gajewski, G
Khachiyan, Melikset=Khachiyan, M
Shaked, Tal=Shaked, T
Demchenko, Anton=Demchenko, A
Peng, Xiaomin=Peng, X
Laznicka, Viktor=Laznicka, V
Fedorchuk, Sergey A.=Fedorchuk, S
Filippov, Valerij=Filippov, V
Kryakvin, Dmitry=Kryakvin, D
Teske, Henrik=Teske, H
Henriquez Villagra, Cristobal=Henriquez Villagra, C
Soffer, Ram=Soffer, R
Iljushin, Alexei=Iljushin, A
Speelman, Jon S=Speelman, J
Kindermann, Stefan=Kindermann, S
Hansen, Sune Berg=Hansen, S
Blehm, Pawel=Blehm, P
Mista, Aleksander=Mista, A
Gorovykh, Eduard=Gorovykh, E
Novikov, Maxim=Novikov, M
Kiriakov, Petr=Kiriakov, P
Iotov, Valentin=Iotov, V
Arzumanian, Georgy=Arzumanian, G
Caruana, Fabiano=Caruana, F
Mastrovasilis, Dimitrios=Mastrovasilis, D
Vovk, Andriy=Vovk, A
Smerdon, David C=Smerdon, D
Najdoski, Toni=Najdoski, T
Finkel, Alexander=Finkel, A
Apicella, Manuel=Apicella, M
Flores Rios, Mauricio=Flores Rios, M
Darga, Klaus=Darga, K
Nguyen, Anh Dung=Nguyen, A
Dorfman, Iossif=Dorfman, I
Bareev, Evgeny=Bareev, E
Gulko, Boris F=Gulko, B
Hungaski, Robert Andrew=Hungaski, R
Glud, Jakob Vang=Glud, J
Roiz, Michael=Roiz, M
Firman, Nazar=Firman, N
Drenchev, Petar=Drenchev, P
Kuczynski, Robert=Kuczynski, R
Salgado Lopez, Ivan=Salgado Lopez, I
Nguyen, Ngoc Truong Son=Nguyen, N
Kim, Alexey=Kim, A
Narciso Dublan, Marc=Narciso Dublan, M
Quesada Perez, Yuniesky=Quesada Perez, Y
Halkias, Stelios=Halkias, S
Grivas, Efstratios=Grivas, E
Chabanon, Jean-Luc=Chabanon, J
Rozum, Ivan=Rozum, I
Bezold, Michael=Bezold, M
Van der Sterren, Paul=Van der Sterren, P
Gonzalez Acosta, Bernal=Gonzalez Acosta, B
Sulava, Nenad=Sulava, N
Khairullin, Ildar=Khairullin, I
Poluljahov, Aleksandr=Poluljahov, A
Troff, Kayden W=Troff, K
Maiorov, Nikita=Maiorov, N
Sambuev, Bator=Sambuev, B
Lagarde, Maxime=Lagarde, M
Cubas, Jose Fernando=Cubas, J
Haslinger, Stewart G=Haslinger, S
Neiksans, Arturs=Neiksans, A
Perez Ponsa, Federico=Perez Ponsa, F
Potkin, Vladimir=Potkin, V
Gozzoli, Yannick=Gozzoli, Y
Wilder, Michael=Wilder, M
Shanava, Konstantine=Shanava, K
Adams, Michael=Adams, M
Kovchan, Alexander=Kovchan, A
Delchev, Aleksander=Delchev, A
Nisipeanu, Liviu-Dieter=Nisipeanu, L
Akbaev, Kazbek=Akbaev, K
Aveskulov, Valeriy=Aveskulov, V
Xu, Jun=Xu, J
Koneru, Humpy=Koneru, H
Atalik, Suat=Atalik, S
Sebenik, Matej=Sebenik, M
Gelfand, Boris=Gelfand, B
Ljubojevic, Ljubomir=Ljubojevic, L
Beim, Valeri=Beim, V
Lopushnoy, Denis=Lopushnoy, D
Pigusov, Evgeny=Pigusov, E
Valerga, Diego=Valerga, D
Nepomniachtchi, Ian=Nepomniachtchi, I
Seirawan, Yasser=Seirawan, Y
Onischuk, Alexander=Onischuk, A
Hernandez Carmenate, Holden=Hernandez Carmenate, H
Psakhis, Lev=Psakhis, L
Stella, Andrea=Stella, A
Adorjan, Andras=Adorjan, A
Charbonneau, Pascal=Charbonneau, P
Irzhanov, Ruslan=Irzhanov, R
Torre, Eugenio=Torre, E
Doettling, Fabian=Doettling, F
Macieja, Bartlomiej=Macieja, B
Tukmakov, Vladimir B=Tukmakov, V
Papaioannou, Ioannis=Papaioannou, I
Rashkovsky, Nukhim N=Rashkovsky, N
Tregubov, Pavel V.=Tregubov, P
Hansen, Lars Bo=Hansen, L
Kasparov, Garry=Kasparov, G
Cori, Jorge=Cori, J
Blagojevic, Dragisa=Blagojevic, D
Chandler, Murray G=Chandler, M
San Segundo Carrillo, Pablo=San Segundo Carrillo, P
Grover, Sahaj=Grover, S
Rublevsky, Sergei=Rublevsky, S
Kreiman, Boris=Kreiman, B
Plaskett, H James=Plaskett, H
Kuzubov, Yuriy=Kuzubov, Y
Drozdovskij, Yuri=Drozdovskij, Y
Chuchelov, Vladimir=Chuchelov, V
Inarkiev, Ernesto=Inarkiev, E
Ipatov, Alexander=Ipatov, A
Kantans, Toms=Kantans, T
Ulybin, Mikhail=Ulybin, M
Chernin, Alexander=Chernin, A
Gasanov, Eldar=Gasanov, E
Shulman, Yury=Shulman, Y
Narayanan, Srinath=Narayanan, S
Shipov, Sergei=Shipov, S
Dizdar, Goran=Dizdar, G
Nanu, Costica-Ciprian=Nanu, C
Kouatly, Bachar=Kouatly, B
Baramidze, David=Baramidze, D
Pavlidis, Antonios=Pavlidis, A
Kannappan Priyadharshan=Kannappan Priyadharshan
Szabo, Gergely-Andras-Gyula=Szabo, G
Palac, Mladen=Palac, M
Nedev, Trajko=Nedev, T
Solozhenkin, Evgeniy=Solozhenkin, E
So, Wesley=So, W
Mestel, A Jonathan=Mestel, A
Feller, Sebastien=Feller, S
Fontaine, Robert=Fontaine, R
Magem Badals, Jordi=Magem Badals, J
Gurevich, Vladimir=Gurevich, V
Raznikov, Danny=Raznikov, D
Nielsen, Peter Heine=Nielsen, P
Nyback, Tomi=Nyback, T
Krivoshey, Sergei=Krivoshey, S
Kasparov, Sergey=Kasparov, S
Zinchenko, Yaroslav=Zinchenko, Y
Kosteniuk, Alexandra=Kosteniuk, A
Sadorra, Julio Catalino=Sadorra, J
Sebag, Marie=Sebag, M
De La Villa Garcia, Jesus Maria=De La Villa Garcia, J
Pelletier, Yannick=Pelletier, Y
Jakubowski, Krzysztof=Jakubowski, K
Movsziszian, Karen=Movsziszian, K
Miroshnichenko, Evgenij=Miroshnichenko, E
Dastan, Muhammed Batuhan=Dastan, M
Anton Guijarro, David=Anton Guijarro, D
Skatchkov, Pavel=Skatchkov, P
Hou, Yifan=Hou, Y
Schmittdiel, Eckhard=Schmittdiel, E
Yang, Darwin=Yang, D
Barcenilla, Rogelio=Barcenilla, R
Kogan, Arthur=Kogan, A
Eingorn, Vereslav S=Eingorn, V
Larino Nieto, David=Larino Nieto, D
Van Foreest, Jorden=Van Foreest, J
El Debs, Felipe de Cresce=El Debs, F
Zambrana, Oswaldo=Zambrana, O
Yermolinsky, Alex=Yermolinsky, A
Ionov, Sergey=Ionov, S
Pap, Misa=Pap, M
Azmaiparashvili, Zurab=Azmaiparashvili, Z
Turov, Maxim=Turov, M
Tukhaev, Adam=Tukhaev, A
Matlakov, Maxim=Matlakov, M
Deviatkin, Andrei=Deviatkin, A
Sunilduth Lyna, Narayanan=Sunilduth Lyna, N
Xie, Jun=Xie, J
Janjghava, Lasha=Janjghava, L
Zhao, Xue=Zhao, X
Ovetchkin, Roman=Ovetchkin, R
Vallejo Pons, Francisco=Vallejo Pons, F
Hera, Imre Jr.=Hera, I
Short, Nigel D=Short, N
Heimann, Andreas=Heimann, A
Vorobiov, Evgeny E.=Vorobiov, E
Esen, Baris=Esen, B
Kaminski, Marcin=Kaminski, M
Karthikeyan, Murali=Karthikeyan, M
Kavalek, Lubomir=Kavalek, L
Maiwald, Jens-Uwe=Maiwald, J
Pert, Nicholas=Pert, N
Christiansen, Larry M=Christiansen, L
Kobalia, Mikhail=Kobalia, M
Grigoriants, Sergey=Grigoriants, S
Meijers, Viesturs=Meijers, V
Volodin, Aleksandr=Volodin, A
Mastrovasilis, Athanasios=Mastrovasilis, A
Salov, Valery=Salov, V
Gomez Garrido, Camilo Ernesto=Gomez Garrido, C
Stripunsky, Alexander=Stripunsky, A
Khenkin, Igor=Khenkin, I
Luther, Thomas=Luther, T
Sermek, Drazen=Sermek, D
Socko, Bartosz=Socko, B
Dzhakaev, Dzhakay=Dzhakaev, D
Bagrationi, Alexander=Bagrationi, A
Romanov, Evgeny=Romanov, E
Dziuba, Marcin=Dziuba, M
Cruz, Cristhian=Cruz, C
Vorotnikov, Vladislav V=Vorotnikov, V
Obregon, Andres Carlos=Obregon, A
Hjartarson, Johann=Hjartarson, J
Wang, Zili=Wang, Z
Chirila, Ioan-Cristian=Chirila, I
Fodor, Tamas Jr.=Fodor, T
King, Daniel J=King, D
Leko, Peter=Leko, P
Ramesh R B=Ramesh R B
Ismagambetov, Anuar=Ismagambetov, A
Georgescu, Tiberiu-Marian=Georgescu, T
Marcelin, Cyril=Marcelin, C
Goldin, Alexander=Goldin, A
Megaranto, Susanto=Megaranto, S
Mareco, Sandro=Mareco, S
Epishin, Vladimir=Epishin, V
Rozentalis, Eduardas=Rozentalis, E
Gausel, Einar=Gausel, E
Iljin, Artem=Iljin, A
Zeng, Chongsheng=Zeng, C
Richter, Michael=Richter, M
Bu, Xiangzhi=Bu, X
Bindrich, Falko=Bindrich, F
Sokolov, Andrei=Sokolov, A
Lie, Kjetil A.=Lie, K
Hess, Robert L=Hess, R
Schwartzman, Gabriel=Schwartzman, G
Sveshnikov, Evgeny=Sveshnikov, E
Zhang, Pengxiang=Zhang, P
De Firmian, Nick E=De Firmian, N
Genov, Petar=Genov, P
Ma, Qun=Ma, Q
Werle, Jan=Werle, J
Tkachiev, Vladislav=Tkachiev, V
Escobar Forero, Alder=Escobar Forero, A
Safarli, Eltaj=Safarli, E
Hasangatin, Ramil=Hasangatin, R
Milos, Gilberto=Milos, G
Maghalashvili, Davit=Maghalashvili, D
Zhao, Zong-Yuan=Zhao, Z
Mamedov, Rauf=Mamedov, R
Zontakh, Andrey=Zontakh, A
Fernandes, Antonio=Fernandes, A
Gomez, John Paul=Gomez, J
Boensch, Uwe=Boensch, U
Strikovic, Aleksa=Strikovic, A
Moradiabadi, Elshan=Moradiabadi, E
Levin, Felix=Levin, F
Vajda, Levente=Vajda, L
Smith, Axel=Smith, A
Alekseenko, Kirill=Alekseenko, K
Bernasek, Jan=Bernasek, J
Balinov, Ilia=Balinov, I
Perelshteyn, Eugene=Perelshteyn, E
Nunn, John D M=Nunn, J
Kosyrev, Vladimir=Kosyrev, V
Ponomariov, Ruslan=Ponomariov, R
Tikkanen, Hans=Tikkanen, H
Nalbandian, Tigran=Nalbandian, T
Kruppa, Yuri=Kruppa, Y
Dervishi, Erald=Dervishi, E
Baryshpolets, Andrey=Baryshpolets, A
Mekhitarian, Krikor Sevag=Mekhitarian, K
Ringoir, Tanguy=Ringoir, T
Renet, Olivier=Renet, O
Barbosa, Evandro Amorim=Barbosa, E
Shaposhnikov, Evgeny=Shaposhnikov, E
Lutz, Christopher=Lutz, C
Geller, Jakov=Geller, J
Brkic, Ante=Brkic, A
Konovalov, Nikolay=Konovalov, N
Bromberger, Stefan=Bromberger, S
Rogovski, Vladimir=Rogovski, V
Fedorov, Alexei=Fedorov, A
Chernyshov, Konstantin=Chernyshov, K
Vidit, Santosh Gujrathi=Vidit, S
Gharamian, Tigran=Gharamian, T
Georgiadis, Nico=Georgiadis, N
Nadyrkhanov, Sergey=Nadyrkhanov, S
Aghasaryan, Robert=Aghasaryan, R
Slobodjan, Roman=Slobodjan, R
Svane, Rasmus=Svane, R
Czebe, Attila=Czebe, A
Degraeve, Jean-Marc=Degraeve, J
Kramnik, Vladimir=Kramnik, V
Banikas, Hristos=Banikas, H
Trajkovic, Predrag=Trajkovic, P
Sigurjonsson, Gudmundur=Sigurjonsson, G
Pruijssers, Roeland=Pruijssers, R
Muzychuk, Anna=Muzychuk, A
Yudasin, Leonid=Yudasin, L
Korotylev, Alexey=Korotylev, A
Khmelniker, Ilya=Khmelniker, I
Hracek, Zbynek=Hracek, Z
Solak, Dragan=Solak, D
Liang, Awonder=Liang, A
Iskusnyh, Sergei=Iskusnyh, S
Molner, Mackenzie=Molner, M
Prusikin, Michael=Prusikin, M
Gritsak, Orest=Gritsak, O
Grigoryan, Karen H.=Grigoryan, K
Savchenko, Stanislav=Savchenko, S
Cifuentes Parada, Roberto=Cifuentes Parada, R
Gleizerov, Evgeny=Gleizerov, E
AL-Sayed, Mohammed=AL-Sayed, M
Visser, Yge=Visser, Y
Wojtaszek, Radoslaw=Wojtaszek, R
Bok, Benjamin=Bok, B
Sarana, Alexey=Sarana, A
Kalod, Radek=Kalod, R
Lautier, Joel=Lautier, J
Giri, Anish=Giri, A
Perunovic, Milos=Perunovic, M
Bruzon Batista, Lazaro=Bruzon Batista, L
Granda Zuniga, Julio E=Granda Zuniga, J
Van Wely, Loek=Van Wely, L
Liu, Qingnan=Liu, Q
Babaev, Rashad=Babaev, R
Dobrov, Vladimir=Dobrov, V
Jojua, Davit=Jojua, D
Vladimirov, Yevgeniy=Vladimirov, Y
Inkiov, Ventzislav=Inkiov, V
Kacheishvili, Giorgi=Kacheishvili, G
Chernobay, Artem=Chernobay, A
Jankovic, Alojzije=Jankovic, A
Winants, Luc=Winants, L
Vysochin, Spartak=Vysochin, S
Kadric, Denis=Kadric, D
Barbosa, Oliver=Barbosa, O
Beliavsky, Alexander G=Beliavsky, A
Jakovenko, Dmitry=Jakovenko, D
Quparadze, Giga=Quparadze, G
Gutman, Gennadi=Gutman, G
Eryomenko, Volodymyr=Eryomenko, V
Demuth, Adrien=Demuth, A
Parligras, Mircea-Emilian=Parligras, M
Graf, Alexander=Graf, A
Yudin, Sergei=Yudin, S
Ibrahimov, Rasul=Ibrahimov, R
Batchuluun, Tsegmed=Batchuluun, T
Haddouche, Mohamed=Haddouche, M
Kalinin, Alexander=Kalinin, A
Michiels, Bart=Michiels, B
Balogh, Csaba=Balogh, C
Marciano, David=Marciano, D
Ibragimov, Ildar=Ibragimov, I
Schroeder, Jan-Christian=Schroeder, J
Ivanisevic, Ivan=Ivanisevic, I
Kallai, Gabor=Kallai, G
Paragua, Mark=Paragua, M
Shabalov, Alexander=Shabalov, A
Plat, Vojtech=Plat, V
Kelires, Andreas=Kelires, A
Kosintseva, Tatiana=Kosintseva, T
Smirin, Ilia=Smirin, I
Popovic, Dusan=Popovic, D
Lobron, Eric=Lobron, E
Bai, Jinshi=Bai, J
Nyzhnyk, Illya=Nyzhnyk, I
Naiditsch, Arkadij=Naiditsch, A
Wahls, Matthias=Wahls, M
Zaragatski, Ilja=Zaragatski, I
Steingrimsson, Hedinn=Steingrimsson, H
Yevseev, Denis=Yevseev, D
Moskalenko, Viktor=Moskalenko, V
Jenni, Florian=Jenni, F
Holzke, Frank=Holzke, F
Smirnov, Pavel=Smirnov, P
Markowski, Tomasz=Markowski, T
Ivanov, Sergey=Ivanov, S
Korneev, Oleg=Korneev, O
Wang, Hao=Wang, H
Chatalbashev, Boris=Chatalbashev, B
Olszewski, Michal=Olszewski, M
Can, Emre=Can, E
Kallio, Heikki=Kallio, H
Antal, Gergely=Antal, G
Howell, David W L=Howell, D
Matsuura, Everaldo=Matsuura, E
Korobov, Anton=Korobov, A
Zilka, Stepan=Zilka, S
Pilavov, Georgy=Pilavov, G
Ladva, Ottomar=Ladva, O
Forcen Esteban, Daniel=Forcen Esteban, D
Swinkels, Robin=Swinkels, R
Shengelia, David=Shengelia, D
Paichadze, Luka=Paichadze, L
Czarnota, Pawel=Czarnota, P
Dvirnyy, Danyyil=Dvirnyy, D
Agdestein, Simen=Agdestein, S
Kovalev, Andrei=Kovalev, A
Li, Chao b=Li, C
Shirov, Alexei=Shirov, A
Svidler, Peter=Svidler, P
Ernst, Sipke=Ernst, S
Kuljasevic, Davorin=Kuljasevic, D
Guidarelli, Laurent=Guidarelli, L
Khalifman, Alexander=Khalifman, A
Janovsky, Sergey=Janovsky, S
Tarlev, Konstantin=Tarlev, K
Rodshtein, Maxim=Rodshtein, M
Peralta, Fernando=Peralta, F
Gonda, Laszlo=Gonda, L
Vovk, Yuri=Vovk, Y
Biyiasas, Peter=Biyiasas, P
Felgaer, Ruben=Felgaer, R
Emms, John M=Emms, J
Kolev, Atanas=Kolev, A
Kravtsiv, Martyn=Kravtsiv, M
Piorun, Kacper=Piorun, K
Indjic, Aleksandar=Indjic, A
Mchedlishvili, Mikheil=Mchedlishvili, M
Goganov, Aleksey=Goganov, A
Fang, Yuxiang=Fang, Y
Petrosian, Arshak B=Petrosian, A
Bykhovsky, Anatoly=Bykhovsky, A
Panarin, Mikhail=Panarin, M
Vocaturo, Daniele=Vocaturo, D
Vaibhav, Suri=Vaibhav, S
Lugovskoy, Maxim=Lugovskoy, M
Hawkins, Jonathan=Hawkins, J
Lima, Darcy=Lima, D
Huzman, Alexander=Huzman, A
Hillarp Persson, Tiger=Hillarp Persson, T
Stern, Rene=Stern, R
Zelcic, Robert=Zelcic, R
Rahman, Ziaur=Rahman, Z
Izeta Txabarri, Felix=Izeta Txabarri, F
Chandra, Akshat=Chandra, A
Xiu, Deshun=Xiu, D
Oral, Tomas=Oral, T
Debashis, Das=Debashis, D
Negi, Parimarjan=Negi, P
Kovacevic, Aleksandar=Kovacevic, A
Akopian, Vladimir=Akopian, V
Huschenbeth, Niclas=Huschenbeth, N
Urkedal, Frode=Urkedal, F
Koniushkov, Igor=Koniushkov, I
Chiburdanidze, Maia=Chiburdanidze, M
Kazhgaleyev, Murtas=Kazhgaleyev, M
Rabiega, Robert=Rabiega, R
Arnold, Marc T=Arnold, M
Gofshtein, Leonid=Gofshtein, L
Bezgodov, Alexei=Bezgodov, A
Urday, Henry=Urday, H
Jovanovic, Zoran=Jovanovic, Z
Lintchevski, Daniil=Lintchevski, D
Bachmann, Axel=Bachmann, A
Pashikian, Arman=Pashikian, A
Le Roux, Jean-Pierre=Le Roux, J
Spangenberg, Hugo=Spangenberg, H
Mollah Abdullah, Al Rakib=Mollah Abdullah, A
Khusnutdinov, Rustam=Khusnutdinov, R
Gabuzyan, Hovhannes=Gabuzyan, H
Popov, Ivan=Popov, I
Pavlovic, Milos=Pavlovic, M
Karjakin, Sergey=Karjakin, S
Duda, Jan-Krzysztof=Duda, J
Totsky, Leonid=Totsky, L
Heberla, Bartlomiej=Heberla, B
Vaganian, Rafael A=Vaganian, R
Shishkin, Vadim=Shishkin, V
Vakhidov, Jakhongir=Vakhidov, J
Minasian, Artashes=Minasian, A
Matamoros Franco, Carlos S.=Matamoros Franco, C
Zajic, Milan=Zajic, M
Bluvshtein, Mark=Bluvshtein, M
Adly, Ahmed=Adly, A
Navara, David=Navara, D
Sosonko, Gennadi=Sosonko, G
Stojanovic, Mihajlo=Stojanovic, M
Skorchenko, Dmitriy=Skorchenko, D
Feygin, Michael=Feygin, M
Dzagnidze, Nana=Dzagnidze, N
Aronian, Levon=Aronian, L
Gurevich, Ilya=Gurevich, I
Yemelin, Vasily=Yemelin, V
Grigorov, Grigor=Grigorov, G
Zhigalko, Andrey=Zhigalko, A
Corrales Jimenez, Fidel=Corrales Jimenez, F
Stocek, Jiri=Stocek, J
Rustemov, Alexander=Rustemov, A
Ruck, Robert=Ruck, R
Nikolic, Predrag=Nikolic, P
Sulskis, Sarunas=Sulskis, S
Tazbir, Marcin=Tazbir, M
Predke, Alexandr=Predke, A
Kononenko, Dmitry=Kononenko, D
Sutovsky, Emil=Sutovsky, E
Vaisser, Anatoly=Vaisser, A
Delgado Ramirez, Neuris=Delgado Ramirez, N
Brodsky, Michail=Brodsky, M
Kritz, Leonid=Kritz, L
Adhiban, B.=Adhiban, B
Ovsejevitsch, Sergei=Ovsejevitsch, S
Sargissian, Gabriel=Sargissian, G
Grischuk, Alexander=Grischuk, A
Grachev, Boris=Grachev, B
Boruchovsky, Avital=Boruchovsky, A
Naumkin, Igor=Naumkin, I
Giaccio, Alfredo=Giaccio, A
Vishnu Prasanna. V=Vishnu Prasanna. V
Miladinovic, Igor=Miladinovic, I
Muratovic, Alija=Muratovic, A
Schandorff, Lars=Schandorff, L
Nabaty, Tamir=Nabaty, T
Burg, Twan=Burg, T
Durarbayli, Vasif=Durarbayli, V
Akshayraj, Kore=Akshayraj, K
Amin, Bassem=Amin, B
Dubov, Daniil=Dubov, D
Acs, Peter=Acs, P
Ikonnikov, Vyacheslav=Ikonnikov, V
Fish, Gennadij=Fish, G
Norwood, David R=Norwood, D
Zubarev, Alexander=Zubarev, A
Jones, Gawain C B=Jones, G
Morovic Fernandez, Ivan=Morovic Fernandez, I
Moreno Carnero, Javier=Moreno Carnero, J
Zarnicki, Pablo=Zarnicki, P
Ramirez, Alejandro=Ramirez, A
Polgar, Susan=Polgar, S
Volzhin, Alexander=Volzhin, A
Zoler, Dan=Zoler, D
Lenic, Luka=Lenic, L
Dizdarevic, Emir=Dizdarevic, E
Wolff, Patrick G=Wolff, P
Chadaev, Nikolai=Chadaev, N
Moranda, Wojciech=Moranda, W
Postny, Evgeny=Postny, E
Sivuk, Vitaly=Sivuk, V
Rasmussen, Allan Stig=Rasmussen, A
Bakre, Tejas=Bakre, T
Holt, Conrad=Holt, C
Almeida Quintana, Omar=Almeida Quintana, O
Cvek, Robert=Cvek, R
Godena, Michele=Godena, M
Dydyshko, Viacheslav=Dydyshko, V
Efimenko, Zahar=Efimenko, Z
Preotu, Razvan=Preotu, R
Prokopchuk, Evgeny=Prokopchuk, E
Mammadov, Zaur=Mammadov, Z
Andersson, Ulf=Andersson, U
Rotstein, Arkadij=Rotstein, A
Ganguly, Surya Shekhar=Ganguly, S
Lalith Babu M R=Lalith Babu M R
Antoniewski, Rafal=Antoniewski, R
Akobian, Varuzhan=Akobian, V
Bauer, Christian=Bauer, C
Smirnov, Igor=Smirnov, I
Stohl, Igor=Stohl, I
Krivoborodov, Egor=Krivoborodov, E
Nakamura, Hikaru=Nakamura, H
Milov, Leonid=Milov, L
Bogosavljevic, Boban=Bogosavljevic, B
Malakhatko, Vadim=Malakhatko, V
Ivanchuk, Vassily=Ivanchuk, V
Savic, Miodrag R=Savic, M
Li, Shilong=Li, S
Kveinys, Aloyzas=Kveinys, A
Alonso Rosell, Alvar=Alonso Rosell, A
Stefanova, Antoaneta=Stefanova, A
Cabrera, Alexis=Cabrera, A
Abreu Delgado, Aryam=Abreu Delgado, A
Ruzele, Darius=Ruzele, D
Iordachescu, Viorel=Iordachescu, V
Gao, Rui=Gao, R
Stanec, Nikolaus=Stanec, N
Gabrielian, Artur=Gabrielian, A
Abergel, Thal=Abergel, T
Stukopin, Andrey=Stukopin, A
Khotenashvili, Bela=Khotenashvili, B
Wirig, Anthony=Wirig, A
Yakovich, Yuri=Yakovich, Y
Oratovsky, Michael=Oratovsky, M
Komarov, Dimitri=Komarov, D
Polak, Tomas=Polak, T
Tomczak, Jacek=Tomczak, J
Deac, Bogdan-Daniel=Deac, B
Petrik, Tomas=Petrik, T
Maximov, Dmitry=Maximov, D
Shkuro, Iuri=Shkuro, I
Petrosian, Tigran L.=Petrosian, T
Borisek, Jure=Borisek, J
Lin, Chen=Lin, C
Kuzmin, Alexey=Kuzmin, A
Ricardi, Pablo=Ricardi, P
Moiseenko, Alexander=Moiseenko, A
Votava, Jan=Votava, J
Arribas Lopez, Angel=Arribas Lopez, A
Rasulov, Vugar=Rasulov, V
Donchenko, Alexander=Donchenko, A
Watson, William N=Watson, W
Blomqvist, Erik=Blomqvist, E
Kayumov, Sergey=Kayumov, S
Ziska, Helgi Dam=Ziska, H
Magomedov, Magaram=Magomedov, M
Van den Doel, Erik=Van den Doel, E
Goloshchapov, Alexander=Goloshchapov, A
Xu, Yuhua=Xu, Y
Mecking, Henrique=Mecking, H
Morozevich, Alexander=Morozevich, A
Alekseev, Evgeny=Alekseev, E
Kornev, Alexei=Kornev, A
Saric, Ivan=Saric, I
Movsesian, Sergei=Movsesian, S
Belikov, Vladimir=Belikov, V
Dyachkov, Sergej=Dyachkov, S
Yuffa, Daniil=Yuffa, D
Alvarez Pedraza, Aramis=Alvarez Pedraza, A
Xiong, Jeffery=Xiong, J
Kovalev, Vladislav=Kovalev, V
Cornette, Matthieu=Cornette, M
Frolyanov, Dmitry=Frolyanov, D
Adianto, Utut=Adianto, U
Rasik, Vitezslav=Rasik, V
Tran, Tuan Minh=Tran, T
Hebden, Mark L=Hebden, M
Kasimdzhanov, Rustam=Kasimdzhanov, R
Comas Fabrego, Lluis=Comas Fabrego, L
Melkumyan, Hrant=Melkumyan, H
Harikrishna, P.=Harikrishna, P
Lemos, Damian=Lemos, D
Hoffman, Alejandro=Hoffman, A
Howell, James C=Howell, J
Parker, Jonathan F=Parker, J
Wagner, Dennis=Wagner, D
Ashwin, Jayaram=Ashwin, J
Janssen, Ruud=Janssen, R
Banusz, Tamas=Banusz, T
Palatnik, Semon=Palatnik, S
Romanishin, Oleg M=Romanishin, O
Sherzer, Alex=Sherzer, A
Motylev, Alexander=Motylev, A
Jussupow, Artur=Jussupow, A
Saltaev, Mihail=Saltaev, M
Dambacher, Martijn=Dambacher, M
Lupulescu, Constantin=Lupulescu, C
Relange, Eloi=Relange, E
Arutinian, David=Arutinian, D
Stefansson, Hannes=Stefansson, H
Krakops, Maris=Krakops, M
Boros, Denes=Boros, D
Arnason, Jon L=Arnason, J
Dvoirys, Semen I.=Dvoirys, S
Rogic, Davor=Rogic, D
Cmilyte, Viktorija=Cmilyte, V
Nataf, Igor-Alexandre=Nataf, I
Cuenca Jimenez, Jose Fernando=Cuenca Jimenez, J
Almasi, Zoltan=Almasi, Z
Bernadskiy, Vitaliy=Bernadskiy, V
Shneider, Aleksandr=Shneider, A
De La Riva Aguado, Oscar=De La Riva Aguado, O
Nijboer, Friso=Nijboer, F
Gledura, Benjamin=Gledura, B
L'Ami, Erwin=L'Ami, E
Gonzalez Vidal, Yuri=Gonzalez Vidal, Y
Voitsekhovsky, Stanislav=Voitsekhovsky, S
Yu, Yangyi=Yu, Y
Krysa, Leandro=Krysa, L
Kosic, Dragan=Kosic, D
Sjugirov, Sanan=Sjugirov, S
Spasov, Vasil=Spasov, V
Kraemer, Martin=Kraemer, M
Milanovic, Danilo=Milanovic, D
Bobras, Piotr=Bobras, P
Alburt, Lev O=Alburt, L
Aryan Chopra=Aryan Chopra
Kotanjian, Tigran=Kotanjian, T
Potapov, Pavel=Potapov, P
Sadvakasov, Darmen=Sadvakasov, D
Benjamin, Joel=Benjamin, J
Prie, Eric=Prie, E
Solodovnichenko, Yuri=Solodovnichenko, Y
Wen, Yang=Wen, Y
Tiviakov, Sergei=Tiviakov, S
Giorgadze, Giorgi=Giorgadze, G
Roussel-Roozmon, Thomas=Roussel-Roozmon, T
Sethuraman, S.P.=Sethuraman, S
Leitao, Rafael=Leitao, R
Saric, Ante=Saric, A
Guliyev, Namig=Guliyev, N
Abbasov, Farid=Abbasov, F
Lugovoi, Aleksei=Lugovoi, A
Kosashvili, Yona=Kosashvili, Y
Al-Modiahki, Mohamad=Al-Modiahki, M
Vasquez Schroeder, Rodrigo=Vasquez Schroeder, R
Grigore, George-Gabriel=Grigore, G
Levin, Evgeny A.=Levin, E
Marjanovic, Slavoljub=Marjanovic, S
Oparin, Grigoriy=Oparin, G
Jeremic, Veljko=Jeremic, V
Wei, Yi=Wei, Y
Nikolenko, Oleg=Nikolenko, O
Arencibia Rodriguez, Walter=Arencibia Rodriguez, W
Smejkal, Jan=Smejkal, J
Rusev, Krasimir=Rusev, K
Tomashevsky, Evgeny=Tomashevsky, E
Manor, Ilan=Manor, I
Kosten, Anthony C.=Kosten, A
Sanikidze, Tornike=Sanikidze, T
Zhigalko, Sergei=Zhigalko, S
Timman, Jan H=Timman, J
Bitoon, Richard=Bitoon, R
Novikov, Igor A=Novikov, I
Markovic, Miroslav=Markovic, M
Hoang, Thanh Trang=Hoang, T
Roganovic, Milos=Roganovic, M
Mozharov, Mikhail=Mozharov, M
Izoria, Zviad=Izoria, Z
Makarichev, Sergey=Makarichev, S
Gurevich, Mikhail=Gurevich, M
Yu, Ruiyuan=Yu, R
Castaneda, Georgui=Castaneda, G
Hoffmann, Michael=Hoffmann, M
Dolmatov, Sergey=Dolmatov, S
Shariyazdanov, Andrey=Shariyazdanov, A
Pap, Gyula=Pap, G
Palo, Davor=Palo, D
Nogueiras Santiago, Jesus=Nogueiras Santiago, J
Rausis, Igors=Rausis, I
Sunye Neto, Jaime=Sunye Neto, J
Benidze, Davit=Benidze, D
Szabo, Krisztian=Szabo, K
Naroditsky, Daniel=Naroditsky, D
Mirumian, Vigen=Mirumian, V
Maksimenko, Andrei=Maksimenko, A
Kotsur, Pavel=Kotsur, P
Motwani, Paul=Motwani, P
Shcherbakov, Ruslan=Shcherbakov, R
Zagrebelny, Sergey=Zagrebelny, S
Klein, David=Klein, D
Bortnyk, Olexandr=Bortnyk, O
Chigaev, Maksim=Chigaev, M
Berescu, Alin-Mile=Berescu, A
Stellwagen, Daniel=Stellwagen, D
Medvegy, Zoltan=Medvegy, Z
Brandenburg, Daan=Brandenburg, D
Lei, Tingjie=Lei, T
Mikhalevski, Victor=Mikhalevski, V
Diamant, Andre=Diamant, A
Petrov, Marian=Petrov, M
Lafuente, Pablo=Lafuente, P
Erdos, Viktor=Erdos, V
Bosiocic, Marin=Bosiocic, M
Carlsen, Magnus=Carlsen, M
Rakhmanov, Aleksandr=Rakhmanov, A
Bajarani, Ulvi=Bajarani, U
Kollars, Dmitrij=Kollars, D
Matanovic, Aleksandar=Matanovic, A
Areshchenko, Alexander=Areshchenko, A
Fier, Alexandr=Fier, A
Stojanovic, Dalibor=Stojanovic, D
Gopal G.N.=Gopal G.N.
Espinosa Veloz, Ermes=Espinosa Veloz, E
Karpov, Anatoly=Karpov, A
Karpov, Anatoly=Karpov, An
Karpov, Anatoly=Karpov, Anatoli
Sumets, Andrey=Sumets, A
Bacallao Alonso, Yusnel=Bacallao Alonso, Y
Popilski, Gil=Popilski, G
Bojkov, Dejan=Bojkov, D
Gagunashvili, Merab=Gagunashvili, M
Del Rio De Angelis, Salvador G.=Del Rio De Angelis, S
Firat, Burak=Firat, B
Brunello, Sabino=Brunello, S
Portisch, Lajos=Portisch, L
Harika, Dronavalli=Harika, D
Parma, Bruno=Parma, B
Iuldachev, Saidali=Iuldachev, S
Markus, Robert=Markus, R
Kumaran, Dharshan=Kumaran, D
Spraggett, Kevin=Spraggett, K
Petr, Martin=Petr, M
Avrukh, Boris=Avrukh, B
Franco Ocampos, Zenon=Franco Ocampos, Z
Galego, Luis=Galego, L
Petursson, Margeir=Petursson, M
Hauchard, Arnaud=Hauchard, A
Knaak, Rainer=Knaak, R
Volkov, Sergey=Volkov, S
Swiercz, Dariusz=Swiercz, D
Golod, Vitali=Golod, V
Ragger, Markus=Ragger, M
Balog, Imre=Balog, I
Sakaev, Konstantin=Sakaev, K
Krylov, Mikhail=Krylov, M
Filippov, Anton=Filippov, A
Lysyj, Igor=Lysyj, I
Wedberg, Tom=Wedberg, T
Djukic, Nikola=Djukic, N
Zhao, Jun=Zhao, J
Gonzalez, Renier=Gonzalez, R
Radjabov, Teimour=Radjabov, T
Ajrapetjan, Yuriy=Ajrapetjan, Y
Alterman, Boris=Alterman, B
Naumann, Alexander=Naumann, A
Stanojoski, Zvonko=Stanojoski, Z